filename,baseline_mse,baseline_mae,baseline_psnr,baseline_ssim,baseline_lpips,baseline_inference_ms,noise_aware_mse,noise_aware_mae,noise_aware_psnr,noise_aware_ssim,noise_aware_lpips,noise_aware_inference_ms
001863.npy,0.0009872198570519686,0.024218186736106873,30.055861460633416,0.6084509415122131,0.5318020582199097,11.800200009020045,0.0008876818465068936,0.023024994879961014,30.517426395582596,0.6204488177229762,0.4837040901184082,12.399999992339872
001086.npy,0.0004054018936585635,0.012260880321264267,33.92114247345791,0.9253614346048832,0.06455855071544647,12.052699996274896,0.00034734889050014317,0.011639809235930443,34.59234094437597,0.9159203126633167,0.0798516646027565,11.933700006920844
001599.npy,0.0015658207703381777,0.026439333334565163,28.052579623206626,0.7813232012256299,0.27858656644821167,12.055099999997765,0.0015415914822369814,0.026136482134461403,28.12030684765574,0.7902293914422588,0.2729610800743103,11.8023999966681
000008.npy,0.006575838662683964,0.05811270326375961,21.820488556091178,0.6841719948009514,0.253020703792572,12.114500001189299,0.006326545495539904,0.056812793016433716,21.98833373859744,0.6962387373490916,0.2849147319793701,12.505099992267787
001552.npy,0.0063499584794044495,0.04861385375261307,21.97229122262939,0.8009912122747842,0.198923721909523,12.011200000415556,0.005825197324156761,0.04646443575620651,22.34689354931176,0.8133869020393193,0.21739493310451508,11.685699995723553
000674.npy,0.002912007737904787,0.038831137120723724,25.358075052913197,0.794083473626472,0.061393436044454575,12.080500004230998,0.002610289491713047,0.03729525953531265,25.833112987427732,0.7964916838940606,0.061017777770757675,11.701800001901574
000240.npy,0.004725934471935034,0.0371343269944191,23.25512316685326,0.8181517227527024,0.25228074193000793,12.01000000583008,0.004462002776563168,0.035624027252197266,23.5047020806299,0.8420803871412277,0.2488829642534256,11.933899993891828
001642.npy,0.0010259440168738365,0.023475825786590576,29.888763454711558,0.7342040859959126,0.30210965871810913,12.092399992980063,0.001004170742817223,0.023328471928834915,29.981924523906006,0.7272359725360871,0.3417889177799225,11.80170000588987
000875.npy,0.0021549277007579803,0.03505035489797592,26.665672815600633,0.6897211693221181,0.34264442324638367,12.839399991207756,0.0021027640905231237,0.03466051444411278,26.772094643043168,0.6933666296321228,0.35019516944885254,11.845700006233528
001971.npy,0.001165916328318417,0.026774486526846886,29.333326021749,0.5845907223160267,0.5023856163024902,12.170400004833937,0.0011671169195324183,0.026630824431777,29.32885634430997,0.575444662001133,0.5580692291259766,12.314800012973137
001989.npy,0.00038222968578338623,0.014196082949638367,34.176755941046835,0.8949253239863068,0.2922601103782654,12.310299993259832,0.0003352303465362638,0.013515192084014416,34.74656699962714,0.9237488437802791,0.22894543409347534,11.956199989072047
001664.npy,0.005386264994740486,0.052463751286268234,22.68712277663118,0.6831448215896068,0.3142898380756378,12.079100008122623,0.004878780338913202,0.05018991976976395,23.116887103125666,0.6974021226975774,0.33050537109375,12.215399998240173
000681.npy,0.0012180603807792068,0.020864997059106827,29.14331181261688,0.8985286708832979,0.07526303827762604,12.101200001779944,0.0009484982001595199,0.01917359046638012,30.229634591637584,0.9092369968976974,0.07623420655727386,11.885599989909679
000968.npy,0.0037177354097366333,0.04133690521121025,24.29721548207315,0.7486248930317759,0.22656306624412537,12.088000003132038,0.0035533136688172817,0.04010441154241562,24.493664625063126,0.759538322151158,0.2599479854106903,11.834600009024143
000382.npy,0.0025789854116737843,0.039151884615421295,25.88551083260257,0.4687999076699875,0.7667263150215149,12.067300005583093,0.0025383057072758675,0.038758743554353714,25.95456047597615,0.4629732960947901,0.7795798182487488,11.755899991840124
000060.npy,0.00223241257481277,0.034722357988357544,26.512255491985957,0.6740300472629592,0.3163125514984131,12.521600001491606,0.0021867104806005955,0.03438520431518555,26.602087030405237,0.6672694389707595,0.3527761399745941,11.879300000146031
002214.npy,0.0004311104421503842,0.014178371988236904,33.65411439029935,0.8503752086524964,0.2065293788909912,70.9569000027841,0.0004304713220335543,0.01421155035495758,33.66055764637233,0.8487447481780053,0.22832676768302917,15.07320000382606
002671.npy,0.0028469928074628115,0.035736389458179474,25.456136375952887,0.7574965020021684,0.22717207670211792,17.080699995858595,0.002734237350523472,0.03448042273521423,25.631637843765684,0.7599390458566285,0.24755792319774628,16.68200000131037
000207.npy,0.006653865799307823,0.054877884685993195,21.769259597894024,0.7303955265447077,0.23996636271476746,19.911099996534176,0.006400523707270622,0.05380089581012726,21.937845174910613,0.741037084285751,0.2732016146183014,19.724400000995956
000401.npy,0.0008507253951393068,0.022335927933454514,30.70210595185021,0.7683801764387991,0.2657509744167328,23.262699993210845,0.0008998536504805088,0.023002412170171738,30.458281228283912,0.7606835706453323,0.3319445848464966,23.041799999191426
002254.npy,0.002731763757765293,0.03820390999317169,25.635568352359485,0.5657361724730595,0.3834801912307739,25.64859999984037,0.002100135665386915,0.03515252098441124,26.777526313973592,0.5763156999081391,0.398661345243454,25.44260000286158
001815.npy,0.003460159059613943,0.04330047219991684,24.609039270498997,0.7931909984537857,0.16829806566238403,29.944100009743124,0.0031870685052126646,0.041784461587667465,24.96608595648504,0.8072587362141129,0.15777337551116943,29.633699989062734
000308.npy,0.0005904770223423839,0.016250915825366974,32.28797008445356,0.903107648660183,0.15494132041931152,29.196200004662387,0.0005057066446170211,0.015338560566306114,32.96101325132432,0.9206012879632711,0.13138173520565033,28.789199990569614
001023.npy,0.0022139749489724636,0.03114144504070282,26.548272759190876,0.7596271249759793,0.2418273687362671,74.3308000091929,0.0019983486272394657,0.029979616403579712,26.993287418643863,0.7672066937537193,0.27740025520324707,72.98909999371972
001894.npy,0.0031316978856921196,0.03365185856819153,25.042201265512205,0.77706511379545,0.1692819893360138,71.45479999599047,0.002789734397083521,0.031013166531920433,25.544371666199595,0.8012012739201356,0.16218748688697815,71.1013000109233
002943.npy,0.0020726427901536226,0.034159742295742035,26.834755254463218,0.6197717752515707,0.44355690479278564,71.52969999879133,0.0020146118476986885,0.033737365156412125,26.95808609339627,0.6212473017637357,0.471614271402359,70.79339999472722
000751.npy,0.0028941482305526733,0.04058301821351051,25.384792595428177,0.7178174334041141,0.34778285026550293,12.334699989878573,0.0027733859606087208,0.039744749665260315,25.569896808346073,0.7249032748824935,0.37409839034080505,13.593199997558258
003184.npy,0.005819959100335836,0.05204128101468086,22.350800890989177,0.7926051394542684,0.19224198162555695,12.205799997900613,0.00548829510807991,0.050408948212862015,22.60562525551525,0.8023794235598296,0.21603992581367493,11.502599998493679
000574.npy,0.00041247240733355284,0.01411060057580471,33.84605098491724,0.9029583978314996,0.22756436467170715,11.791000011726283,0.000314102740958333,0.012727666646242142,35.02928274779398,0.9451894664418921,0.15062597393989563,11.487900002975948
001837.npy,0.0025950728449970484,0.03273802995681763,25.858504357374574,0.7445416759163104,0.21721887588500977,21.40319999307394,0.0025194224435836077,0.03191801533102989,25.986989860434768,0.7496995146294962,0.2409801483154297,21.17000000725966
003142.npy,0.00027276616310700774,0.012165378779172897,35.64209505081243,0.854074529709816,0.31594526767730713,25.241600000299513,0.0002467631420586258,0.011759715154767036,36.07719714969744,0.8610548416728974,0.31142935156822205,25.164299993775785
002931.npy,0.005665800534188747,0.055540576577186584,22.46738741668031,0.508258163627822,0.4678611755371094,27.535499990335666,0.005561383906751871,0.05552823841571808,22.54817117898046,0.4950697076502731,0.4925464391708374,28.718999994453043
000784.npy,0.0017838203348219395,0.025335734710097313,27.48648866102332,0.8164889777165278,0.16204608976840973,32.26380000705831,0.0016059898771345615,0.024231793358922005,27.942572272062964,0.8261632462927923,0.17474833130836487,31.940400003804825
001018.npy,0.0011070871260017157,0.022499851882457733,29.558182093543873,0.8071856989249178,0.23929545283317566,77.80389999970794,0.0009755361825227737,0.021094171330332756,30.10756597757759,0.8240692192308977,0.2157149612903595,77.43200000550132
000447.npy,0.0010305946925655007,0.02383752539753914,29.86912104128294,0.8061263998356164,0.3030717968940735,72.66649999655783,0.0010011889971792698,0.02342229336500168,29.994838981951602,0.8070236196863503,0.33418184518814087,72.32409999414813
001389.npy,0.0008165435865521431,0.02226657047867775,30.880206297503435,0.6755940128966867,0.606459379196167,12.224799997056834,0.0007149350130930543,0.021046120673418045,31.457334387851482,0.7009371019556523,0.5374550819396973,12.008100005914457
001649.npy,0.0008828922873362899,0.02039182372391224,30.54092277801269,0.8115833170442581,0.18669557571411133,12.145200002123602,0.0007998734945431352,0.01966308057308197,30.969786821161264,0.8222185420933962,0.19218844175338745,11.973999993642792
000248.npy,0.0015073971590027213,0.023100631311535835,28.21772325355283,0.8282107965624035,0.1654084026813507,12.484400009270757,0.0014354404993355274,0.02257511019706726,28.430148184069267,0.8345897713078857,0.18603789806365967,13.040199992246926
000403.npy,0.0014031968312337995,0.02561025694012642,28.528814155415457,0.7602706464882242,0.32220104336738586,19.54810001188889,0.0011526886373758316,0.023094456642866135,29.38287994739165,0.7996696753530838,0.35309916734695435,19.105300001683645
002646.npy,0.000533963437192142,0.01806221902370453,32.72488451097294,0.8772093273565919,0.25791290402412415,22.88020000560209,0.0005625294870696962,0.018755601719021797,32.49854696337307,0.8892266256227493,0.2890612483024597,22.535100011737086
002676.npy,0.0010595915373414755,0.025348395109176636,29.74861506922675,0.6922957851419821,0.4082428812980652,26.465799994184636,0.0010958872735500336,0.025809824466705322,29.60234086599999,0.6749581290557736,0.4820743203163147,26.548599998932332
002758.npy,0.005140426568686962,0.056099534034729004,22.89000817212993,0.27683790596453006,0.7377454042434692,29.009299993049353,0.00508674792945385,0.05577551946043968,22.9355981197618,0.2611127591028288,0.7446420788764954,28.73939998971764
000221.npy,0.004677189514040947,0.04447338357567787,23.300150020778393,0.6858434404766504,0.2755921185016632,76.44129999971483,0.004153461195528507,0.04277432709932327,23.815898525847246,0.6949456471307728,0.2921428978443146,75.90350000828039
001912.npy,0.008022012189030647,0.067795529961586,20.957166921194393,0.7648642400378771,0.2712383270263672,12.018499997793697,0.0074002668261528015,0.06518499553203583,21.307526083215546,0.7821801180548147,0.2833477258682251,12.069599993992597
001683.npy,0.001795556745491922,0.025198370218276978,27.45800853076441,0.9114841483563185,0.0779886469244957,12.091100012185052,0.0013009397080168128,0.022361842915415764,28.857428240245362,0.9255575309161655,0.07588755339384079,11.75050000892952
001734.npy,0.0004074381140526384,0.014280789531767368,33.89938341024052,0.8258180012133252,0.2952519655227661,12.127499998314306,0.0003650594735518098,0.013819696381688118,34.3763641943194,0.8327172531336546,0.29479196667671204,11.932199995499104
001451.npy,0.0004886476090177894,0.01694171316921711,33.11004248013692,0.8254353784816265,0.3874221742153168,25.507099999231286,0.00036156419082544744,0.01477706991136074,34.418145954516305,0.8573866687793732,0.29691728949546814,25.09260000078939
001765.npy,0.0015461388975381851,0.03123857080936432,28.107515255066254,0.44983722002149884,0.6728417873382568,27.834799999254756,0.0013824932975694537,0.029712243005633354,28.593369720457474,0.4603157716859579,0.649512767791748,27.474399990751408
002699.npy,0.003660019487142563,0.04733388498425484,24.36516635657153,0.34044084077958103,0.7632075548171997,75.63600000867154,0.0034619702491909266,0.04617312178015709,24.606766551342922,0.3384936696908877,0.7799512147903442,73.6627000005683
000397.npy,0.00310181500390172,0.0440896600484848,25.08384074493947,0.3312169185862271,0.7078676223754883,71.62679999601096,0.002991961780935526,0.04361123964190483,25.24043994692908,0.3271970452769203,0.7624917030334473,71.20669999858364
000386.npy,0.0058108228258788586,0.059078093618154526,22.35762374799561,0.4069819044566191,0.6317566633224487,71.01940001302864,0.005602741613984108,0.05831947922706604,22.515994339537304,0.4110689788652114,0.6537418365478516,70.9628999902634
000779.npy,0.0064325761049985886,0.061033137142658234,21.916150533952482,0.46248975428924327,0.4704805612564087,71.01699999475386,0.006245441734790802,0.05965134873986244,22.04436818771708,0.4497593958901299,0.4789621829986572,70.70510000630748
001667.npy,0.0038753910921514034,0.04324401915073395,24.116844637700105,0.6096308910595551,0.3931957483291626,12.120500003220513,0.003730730852112174,0.042627207934856415,24.28206076538938,0.6077709476434742,0.40888431668281555,11.853600008180365
001937.npy,0.002865548012778163,0.0426909476518631,25.427923197929573,0.31196892304095253,0.8431023359298706,12.21349999832455,0.0027613118290901184,0.04197218269109726,25.588845420816956,0.3101257826962471,0.8400987982749939,12.450100010028109
000995.npy,0.0006237570778466761,0.01975451409816742,32.04984515944419,0.6804822539892197,0.5345646739006042,72.11179999285378,0.0005540366983041167,0.018625929951667786,32.56461457917491,0.6877877709746361,0.5093221068382263,71.5821999910986
001936.npy,0.001650649355724454,0.026893943548202515,27.823451623301175,0.7322384484988861,0.30961424112319946,12.213299996801652,0.00182062026578933,0.02906857244670391,27.39780618115036,0.7106688384040519,0.37506288290023804,12.065900009474717
002360.npy,0.010094032622873783,0.06835091859102249,19.95935320978784,0.7069739549622555,0.2583102285861969,12.212100002216175,0.009540567174553871,0.06641563773155212,20.204258035136373,0.7197747629471309,0.2833597660064697,11.748400007491
002338.npy,0.0016630073077976704,0.032237906008958817,27.791058536882836,0.453857011670962,0.6651126146316528,23.262000002432615,0.0015549638774245977,0.03131755813956261,28.082796895270583,0.4535250911377072,0.6620068550109863,23.43099999416154
000541.npy,0.0003755575744435191,0.014791188761591911,34.2532346045864,0.8242235112705231,0.4241909086704254,28.32299999136012,0.00033009995240718126,0.013992706313729286,34.8135451708896,0.8375097474222183,0.40182408690452576,28.83789999759756
002978.npy,0.0015517750289291143,0.02678706869482994,28.091712395851186,0.7438666470218599,0.27031299471855164,77.85020000301301,0.0013633380876854062,0.025560297071933746,28.653964482340015,0.7533179354254007,0.2963443696498871,77.46429998951498
000877.npy,0.00030312046874314547,0.012917513027787209,35.1838471181413,0.8583293713285923,0.37316256761550903,12.272699997993186,0.00024893053341656923,0.011799681931734085,36.03921817631408,0.8798035295169353,0.31110575795173645,11.81650000216905
001988.npy,0.0005910891341045499,0.01438677404075861,32.28347065228387,0.9349132124997377,0.11818965524435043,12.16470000508707,0.0004773035761900246,0.012659478932619095,33.21205299955214,0.9593387599616051,0.08154894411563873,11.896699987119064
002740.npy,0.00112629821524024,0.023609917610883713,29.483466021856234,0.7811526198135763,0.2671990990638733,23.043799999868497,0.0010154899209737778,0.022798333317041397,29.93324371689736,0.792505273923547,0.26082685589790344,22.916000001714565
001140.npy,0.002015349455177784,0.025870855897665024,26.956496296366165,0.7763436089461112,0.26286447048187256,27.243099990300834,0.0018371132900938392,0.024976905435323715,27.358640643677674,0.7858733133244831,0.28259292244911194,57.18170000181999
000974.npy,0.0007267820765264332,0.017531320452690125,31.385957725695633,0.8613321591624021,0.129225954413414,74.08969999232795,0.0005882875411771238,0.016380243003368378,32.304103423581616,0.8654027666342259,0.14697566628456116,72.61010000365786
002105.npy,0.0006947016809135675,0.020182088017463684,31.582016561248608,0.7637785327611379,0.551470160484314,72.59029999841005,0.0005921967676840723,0.018757134675979614,32.27533948377949,0.7838764820721745,0.5511935353279114,72.22600000386592
002954.npy,0.0012320068199187517,0.021837880834937096,29.093868972087673,0.8607172977445694,0.1785466969013214,71.08809999772348,0.0009860650170594454,0.01957026496529579,30.06094412264364,0.889980002653433,0.14140452444553375,70.86190000700299
001353.npy,0.0008407070999965072,0.02284681238234043,30.75355301409858,0.7111353534613457,0.43058979511260986,12.376700004097074,0.0007898523472249508,0.02226327173411846,31.024540896394225,0.71450704205513,0.450580894947052,11.8365999951493
000128.npy,0.0007146851858124137,0.02067270502448082,31.458851935324276,0.7382765195558278,0.45060425996780396,18.282999997609295,0.0005916275549679995,0.019014079123735428,32.27951591301026,0.7670133050187826,0.39132407307624817,24.663399992277846
000276.npy,0.0002702783385757357,0.009578680619597435,35.68188743058604,0.9455715207355022,0.07425665110349655,74.85050000832416,0.00023798056645318866,0.008803430944681168,36.23458515774506,0.9522794348247051,0.07784279435873032,74.69220001075882
000937.npy,0.0010170231107622385,0.021445535123348236,29.926691273045762,0.7714424494069289,0.41965922713279724,71.69599999906495,0.0008536477107554674,0.019396793097257614,30.68721325932621,0.8081221460650713,0.36855465173721313,71.18280000577215
000241.npy,0.00038699741708114743,0.012988941743969917,34.12291919886339,0.9240963129016571,0.13423100113868713,17.080299992812797,0.00037268054438754916,0.013136126101016998,34.28663300327413,0.9509674907554388,0.08020910620689392,14.797999989241362
002584.npy,0.00194131163880229,0.025926265865564346,27.119047214990232,0.8420184240996428,0.16160550713539124,14.180000012856908,0.0018164216307923198,0.025396941229701042,27.407833179547566,0.8481155729443915,0.17702844738960266,14.135800010990351
002899.npy,0.005357041023671627,0.05497743934392929,22.7107500359756,0.652460461788985,0.24520999193191528,74.60680000076536,0.0051215034909546375,0.05373445898294449,22.90602531907098,0.668807144524388,0.26146402955055237,74.74099998944439
000290.npy,0.00534804817289114,0.05502533167600632,22.718046564652816,0.6558698136755717,0.3201921880245209,71.48889999371022,0.005022447556257248,0.05354386568069458,22.990845566186113,0.6680932297460747,0.3745027184486389,53.326499997638166
000029.npy,0.0031761080026626587,0.040183644741773605,24.981047396997425,0.753497866221767,0.19749638438224792,16.914099993300624,0.002922315616160631,0.03875782713294029,25.342728891965187,0.7632445412139688,0.20266717672348022,16.803400008939207
003168.npy,0.0009882745798677206,0.022090408951044083,30.051223536257478,0.7399261152380705,0.34430065751075745,17.001699990942143,0.0009458735585212708,0.021768750622868538,30.241669067012637,0.7429068810515403,0.3673567771911621,16.60529999935534
002410.npy,0.006533510982990265,0.05406330153346062,21.848533552196603,0.6755273802730609,0.28289416432380676,73.81329999770969,0.0062762415036559105,0.052710164338350296,22.02300361363068,0.6878255120327985,0.30845412611961365,73.81790000363253
000942.npy,0.0003299141535535455,0.013266278430819511,34.815990522092626,0.8892515363523961,0.18379607796669006,12.267700003576465,0.000287302682409063,0.01245503406971693,35.41660318830323,0.9075994832692146,0.17433907091617584,11.949099993216805
002268.npy,0.002023851964622736,0.030539322644472122,26.938212686607464,0.8523243856715842,0.16273441910743713,12.329699995461851,0.0019027057569473982,0.029747264459729195,27.206283811565136,0.8570728707257453,0.1548786461353302,11.833999989903532
002409.npy,0.0071065048687160015,0.05683344230055809,21.483439210778087,0.6651592390562371,0.26895642280578613,72.00390000070911,0.006854132749140263,0.05550018697977066,21.640474882072272,0.680387400949032,0.29523611068725586,71.67509999999311
000086.npy,0.012383272871375084,0.07419076561927795,19.071645187918286,0.7028513760007248,0.2607046067714691,14.972499993746169,0.011640891432762146,0.07189955562353134,19.340137678067432,0.7196178021061271,0.2642906904220581,14.738199999555945
001384.npy,0.016709255054593086,0.08546074479818344,17.770428891630576,0.6071844890480957,0.2538868188858032,15.05889999680221,0.015983974561095238,0.08389188349246979,17.96315182956613,0.6117880749366067,0.2771756052970886,14.588899997761473
000262.npy,0.001748155802488327,0.02442052587866783,27.574198637232534,0.8253233571790112,0.1710037887096405,73.21059999230783,0.0016108194831758738,0.023432010784745216,27.929531005231848,0.8336161531158583,0.19372177124023438,72.7857000019867
000920.npy,0.0019693896174430847,0.026585981249809265,27.056683454777698,0.8307609333338662,0.20305845141410828,12.197099989862181,0.001781857805326581,0.025044921785593033,27.491269681299343,0.846098920771122,0.2203768640756607,11.87509999726899
001015.npy,0.0011896215146407485,0.02123487927019596,29.245911881710775,0.8511250900074243,0.22253680229187012,12.246400001458824,0.001201613456942141,0.0231245756149292,29.202352029435556,0.864653485743925,0.19036629796028137,11.884500010637566
000495.npy,0.003693820210173726,0.04825957491993904,24.325242679201775,0.2681959222128829,0.9028287529945374,71.8159999960335,0.003625843906775117,0.04785976931452751,24.40590893525529,0.2647922073940337,0.9019630551338196,68.45790000807028
001849.npy,0.0009248292772099376,0.023719221353530884,30.339384126803402,0.6961215269269347,0.39602699875831604,14.706099987961352,0.0009679010836407542,0.02420392632484436,30.14169008711523,0.6915499107986093,0.4349745810031891,14.483199993264861
002119.npy,0.009409105405211449,0.07059285044670105,20.264516693455896,0.5748361543593097,0.3673337996006012,14.605200005462393,0.009072788059711456,0.06950689852237701,20.42259203826545,0.5780697891583855,0.3887466788291931,14.17020001099445
001794.npy,0.0054544005542993546,0.046694159507751465,22.632529668406146,0.5902162819726653,0.30332911014556885,72.6318000088213,0.004959865473210812,0.04489750415086746,23.045301230563744,0.6067395260338252,0.3196779787540436,72.73129999521188
001529.npy,0.0008590578800067306,0.022297587245702744,30.6597755749312,0.6749235861165523,0.41573816537857056,12.168300003395416,0.000817696622107178,0.02188883349299431,30.8740777627121,0.6737444691207409,0.43478548526763916,12.25660000636708
003172.npy,0.0010289535857737064,0.023710038512945175,29.876041940525802,0.7612936523860022,0.35553333163261414,12.277500005438924,0.0010435670847073197,0.02419905737042427,29.81479637139968,0.7569524123203405,0.4340599477291107,11.905299994396046
002751.npy,0.0028550659772008657,0.039776042103767395,25.44383858728553,0.6664056846288443,0.29250338673591614,71.80169998900965,0.002655516378581524,0.03827212005853653,25.758510341934336,0.6768493589332104,0.3379887342453003,71.55760000750888
001634.npy,0.0011276645818725228,0.026601368561387062,29.478200395033276,0.6342032772147655,0.5001959800720215,71.38030001078732,0.0010792860994115472,0.026114407926797867,29.668633955824543,0.6330991516531705,0.5067844986915588,71.27290000789799
001276.npy,0.0039926981553435326,0.04327477514743805,23.987335608428552,0.7866893103117971,0.192003533244133,11.885800005984493,0.0036631205584853888,0.041742950677871704,24.361487966012078,0.7987699952339865,0.20778676867485046,11.577800003578886
002920.npy,0.01074410229921341,0.07438109815120697,19.68829865077219,0.6846025745484419,0.26368606090545654,12.693900003796443,0.010363026522099972,0.07264862209558487,19.845133814948547,0.6984577047837586,0.29032790660858154,11.823599998024292
000823.npy,0.00021008758631069213,0.0096274483948946,36.775996056766914,0.9064968881049156,0.12977522611618042,21.72910000081174,0.00019446757505647838,0.009476693347096443,37.11152811019627,0.8969380127983093,0.1429865062236786,21.557700005359948
002825.npy,0.004676673095673323,0.048827920109033585,23.300629899337725,0.5454609365180377,0.4495566487312317,26.807799993548542,0.004593813791871071,0.04837994650006294,23.37826606534898,0.550921516698345,0.4429178833961487,26.960400005918927
002208.npy,0.00630035437643528,0.059040602296590805,22.006350484148484,0.489469646410035,0.4587099552154541,76.04519999586046,0.006139426026493311,0.058728888630867004,22.11872216129661,0.4905767887007864,0.4829486310482025,75.83940000040457
000867.npy,0.004835185594856739,0.054845817387104034,23.15586812269876,0.2910995969757871,0.829135537147522,71.80440000956878,0.004736772738397121,0.05445587635040283,23.24517438973363,0.28206599079446576,0.8490040302276611,71.31800000206567
001733.npy,0.0004936597542837262,0.015523409470915794,33.06572328845862,0.8123548536152839,0.2882642447948456,14.895300002535805,0.0004299733554944396,0.014880377799272537,33.66558478447335,0.8211151265290231,0.2986539900302887,14.601800008676946
002484.npy,0.0003388102923054248,0.012912405654788017,34.70043397098151,0.9261183863024711,0.09446223825216293,14.948500000173226,0.000313062482746318,0.012246509082615376,35.04368980378905,0.934656019534111,0.09095120429992676,14.754099989659153
002161.npy,0.005153702571988106,0.053451068699359894,22.87880620929252,0.6368544701930985,0.29352879524230957,24.525999993784353,0.0048819538205862045,0.05236183851957321,23.114063572660957,0.648160734447319,0.3327018916606903,25.43189999414608
001085.npy,0.0006238942733034492,0.015604328364133835,32.04888988963553,0.9130449182723537,0.09274335205554962,35.92110000317916,0.00048086291644722223,0.01427849568426609,33.1797871756296,0.9163165988128931,0.10507810115814209,36.71000000031199
000676.npy,0.006976618431508541,0.04788805916905403,21.56355039294125,0.8271670486557484,0.13991305232048035,75.07770000665914,0.0060648610815405846,0.0444706529378891,22.171791549664963,0.8425991755638309,0.14025810360908508,74.76190000306815
002251.npy,0.0016170056769624352,0.029840713366866112,27.912884554400897,0.8467622710968442,0.15518900752067566,71.95109999156557,0.0015144688077270985,0.029043519869446754,28.19739671299089,0.8524823362453953,0.1601485162973404,71.69250000151806
001946.npy,0.002624622080475092,0.03402767330408096,25.809332437942587,0.7855393773978651,0.22615480422973633,14.881399998557754,0.0024141950998455286,0.03223826736211777,26.17227646882506,0.8004228636807408,0.21712371706962585,14.445499997236766
002702.npy,0.0003631362342275679,0.014622099697589874,34.39930398827186,0.844641421438694,0.23958423733711243,14.799199998378754,0.00035569927422329783,0.01457939948886633,34.48917010363381,0.8451097035021782,0.2699867784976959,14.358300002641045
000525.npy,0.0009329908061772585,0.02396014705300331,30.301226287968387,0.6382974625092447,0.4480317234992981,72.71130000299308,0.0008518373360857368,0.023030681535601616,30.69643329841216,0.6532201890702247,0.4157336950302124,72.39169999957085
000515.npy,0.01853599026799202,0.09646003693342209,17.31984203837243,0.5608976263849035,0.2731696367263794,71.5998999949079,0.017636777833104134,0.09409700334072113,17.53580748182474,0.5815489152390726,0.2960432171821594,71.14340001135133
002181.npy,0.001307623228058219,0.02666783146560192,28.8351736611885,0.8388811499897688,0.1444104015827179,12.370500000542961,0.0011730827391147614,0.02562955766916275,29.30671362970166,0.8485166342425943,0.15616202354431152,11.989599996013567
000283.npy,0.0027449631597846746,0.029543280601501465,25.614634842714036,0.8415464547529705,0.2164776474237442,12.283099989872426,0.00254624942317605,0.02877184934914112,25.94099088923221,0.8519306492342819,0.23174923658370972,12.037799999234267
001990.npy,0.0006279647350311279,0.018096428364515305,32.02064724251809,0.8449297746117115,0.4135631322860718,71.78019999992102,0.00047946954146027565,0.015791768208146095,33.192389859845576,0.8892276290164292,0.3275904655456543,71.53380000090692
000350.npy,0.001958671025931835,0.031577665358781815,27.080384678894877,0.7249763345843591,0.16192904114723206,14.978799998061731,0.0017231613164767623,0.03012142702937126,27.636740546039928,0.7304611958526372,0.1852770745754242,14.617299995734356
003139.npy,0.004060597158968449,0.04290498048067093,23.914101344944534,0.7363053411165783,0.24615709483623505,15.025900007458404,0.003777140751481056,0.04141388460993767,24.228368346527013,0.7471022539191614,0.29585060477256775,14.886399992974475
003083.npy,0.0016681246925145388,0.028527386486530304,27.777715186969,0.7375932305459716,0.27168184518814087,72.8740999911679,0.001491740345954895,0.02741120383143425,28.26306784033551,0.7503419397485238,0.26562339067459106,72.70030000654515
000986.npy,0.0017792340368032455,0.027206875383853912,27.497669048382125,0.8012524220247031,0.2950800657272339,71.37049999437295,0.001757957972586155,0.02836356684565544,27.549915068489575,0.815974300592714,0.2883620858192444,49.1432000126224
000237.npy,0.0024355382192879915,0.037539444863796234,26.134050450476213,0.7779221645438112,0.237004816532135,14.68110000132583,0.0022419248707592487,0.03596389293670654,26.493789289634503,0.7923420744249848,0.23711328208446503,14.104999994742684
000980.npy,0.005964400712400675,0.05234720557928085,22.244332072480653,0.6121871179066766,0.281958669424057,14.53369999944698,0.00520037766546011,0.04926585406064987,22.839650863392436,0.6447011274819225,0.257783979177475,14.727000001585111
001259.npy,0.000361759914085269,0.012104365043342113,34.41579517424094,0.9184975789712966,0.2988240718841553,32.55039999203291,0.00027286639669910073,0.00956648401916027,35.640499231201545,0.9516304244653099,0.17730329930782318,32.0726000063587
001486.npy,0.000599187274929136,0.01676691323518753,32.224374296773554,0.8771913472805489,0.22556644678115845,74.50790000439156,0.0004960730439051986,0.015482843853533268,33.044543224718744,0.8998842900869548,0.20134806632995605,74.24590000300668
000458.npy,0.003777947975322604,0.038594186305999756,24.227440233641033,0.6620779578280471,0.30859634280204773,12.108700000680983,0.00338422367349267,0.037608399987220764,24.705409678084838,0.6615956973088346,0.3350728154182434,12.034500003210269
000079.npy,0.0005429289885796607,0.01732463389635086,32.65256953197764,0.8047634299538732,0.2853134870529175,12.359800006379373,0.0004999602097086608,0.01686926558613777,33.01064524772662,0.8117337009717226,0.32520827651023865,11.929999993299134
002001.npy,0.0014380374923348427,0.029817387461662292,28.42229793692615,0.497522967846632,0.6061111688613892,71.82490000559483,0.001407300354912877,0.029380060732364655,28.516132108326392,0.4916164082262516,0.642964243888855,63.9493000053335
001327.npy,0.0039022897835820913,0.038235973566770554,24.086804711284188,0.7846076095082648,0.20117151737213135,15.725899997050874,0.0036581959575414658,0.03701552748680115,24.36733030918116,0.7943739028639974,0.2247748076915741,15.526999995927326
002453.npy,0.0021218450274318457,0.035335615277290344,26.732863422471958,0.8304074787451169,0.13449561595916748,15.807300005690195,0.00204270938411355,0.03459882736206055,26.897934276018937,0.8396855068884902,0.13108547031879425,15.76349999231752
000002.npy,0.0006136581068858504,0.018223578110337257,32.12073503566485,0.8667689152275324,0.14097590744495392,29.151199996704236,0.0005931803025305271,0.01791614294052124,32.26813259791576,0.871520851063624,0.1650499552488327,29.119400001945905
002172.npy,0.002304454566910863,0.030604947358369827,26.37431840075176,0.7821117268177978,0.2832377254962921,33.95129999262281,0.0023170881904661655,0.030662236735224724,26.350574454046924,0.7769207059221491,0.2980075180530548,35.95610000775196
002209.npy,0.004055927041918039,0.048192135989665985,23.919098758263715,0.6481269759455999,0.24620331823825836,82.85560000513215,0.0037445840425789356,0.04647938162088394,24.265964093838047,0.660888597175835,0.2593517005443573,78.67310001165606
000661.npy,0.0006325581343844533,0.0196591317653656,31.98899571037725,0.7252061335721016,0.3952527940273285,12.151400005677715,0.0005795928882434964,0.01885828748345375,32.36876941494146,0.7324003279271126,0.3990764319896698,11.730600002920255
001531.npy,0.0008577544940635562,0.02249310538172722,30.66637014282461,0.6639132900063293,0.45466846227645874,12.228999999933876,0.0008466379949823022,0.022324124351143837,30.72302242147007,0.6587254935108274,0.4719635248184204,12.310799997067079
003053.npy,0.0012211950961500406,0.026282135397195816,29.13214914268532,0.7657192346185466,0.266221821308136,20.575400005327538,0.0011766166426241398,0.025707142427563667,29.293650570589914,0.7691892951345444,0.29517263174057007,20.25429999048356
003174.npy,0.0012524788035079837,0.021451547741889954,29.022296458776623,0.8539062340443917,0.32403960824012756,24.030499989748932,0.0011852055322378874,0.020015977323055267,29.262063291235204,0.8765522762698159,0.27182167768478394,23.864799994044006
002494.npy,0.006812650710344315,0.06195478141307831,21.666838618776975,0.6014386812228533,0.28639936447143555,28.196799990837462,0.0066215964034199715,0.06131117790937424,21.790372968267867,0.603924397326531,0.32189518213272095,28.04019999166485
003019.npy,0.0017544880975037813,0.03335699439048767,27.558495651779417,0.4386611253544837,0.8285697102546692,76.06890000170097,0.001626572571694851,0.03220081329345703,27.887265595330668,0.4442489153294563,0.77906334400177,75.47579999663867
002617.npy,0.00212728139013052,0.02725633978843689,26.72175021969833,0.7955045081772013,0.19553080201148987,12.068800002452917,0.002080028411000967,0.026698950678110123,26.81930744059658,0.79947875693856,0.20908737182617188,11.8505999998888
001222.npy,0.0013719131238758564,0.025441549718379974,28.626734016947353,0.8416264736816883,0.22106949985027313,12.03350001014769,0.001297720242291689,0.024785473942756653,28.86818920514754,0.8461466829308272,0.2350700944662094,11.733099992852658
002561.npy,0.0020968078169971704,0.029389867559075356,26.78441345861775,0.7685660816328265,0.2632540166378021,12.00240000616759,0.0020150879863649607,0.028829975053668022,26.957060115674565,0.7739197851680704,0.2663283348083496,11.72249999945052
000435.npy,0.0007716219406574965,0.019722625613212585,31.12595440679144,0.7749251622380018,0.2834291458129883,21.752200002083555,0.0007632147753611207,0.019652212038636208,31.173532093208248,0.7723442614223958,0.3085874915122986,21.505199998500757
002079.npy,0.003072379156947136,0.04019173979759216,25.12525196224744,0.8564300688301325,0.08614663034677505,71.93969999207184,0.0027703428640961647,0.038202665746212006,25.574664485448952,0.8673216715007425,0.09904999285936356,71.11920000170358
000731.npy,0.0012235400499776006,0.025210484862327576,29.123818234743098,0.7673550629662685,0.20712827146053314,73.73740000184625,0.0011577126570045948,0.024485580623149872,29.363992121863973,0.7730086882643923,0.2245924174785614,70.85380000353325
002050.npy,0.00039053079672157764,0.013101676478981972,34.083447062327195,0.8943196398699284,0.14899751543998718,70.98610000684857,0.0003606690443120897,0.012755878269672394,34.42891124508784,0.8994087775416374,0.16518324613571167,38.1438999902457
001078.npy,0.002321151550859213,0.03628237918019295,26.342965039909252,0.6604487816149592,0.31064561009407043,16.68410000274889,0.0021956716664135456,0.03585227578878403,26.584325819504137,0.6574056829346419,0.3607689440250397,16.375899998820387
002947.npy,0.004121930804103613,0.04938217252492905,23.848992991268148,0.688659869703855,0.2738018035888672,16.71619999979157,0.003926343284547329,0.04818831384181976,24.0601172201028,0.7020792120939047,0.3022436499595642,16.3481000054162
002957.npy,0.0024866079911589622,0.03650549054145813,26.043926843354505,0.7042387789119631,0.3472124934196472,16.688200004864484,0.00236629880964756,0.035678036510944366,26.25930433842212,0.7101587357759122,0.35775160789489746,16.344100004062057
000013.npy,0.0036611866671591997,0.030652014538645744,24.36378117486548,0.8486725625365377,0.28396347165107727,27.973799995379522,0.003476758487522602,0.02888038009405136,24.588254559068506,0.8867454129194617,0.2076392024755478,27.520399991772138
001858.npy,0.0004339057777542621,0.01581978052854538,33.62604559418688,0.9034064473609924,0.22127395868301392,32.6480000076117,0.00037851088563911617,0.014759030193090439,34.219216157184015,0.9140648024740219,0.254695326089859,32.26089999952819
000647.npy,0.0032714311964809895,0.043065495789051056,24.85262206945599,0.6039355520179093,0.3276800215244293,29.62190000107512,0.0031120115891098976,0.04200379550457001,25.06958782083381,0.6167911673611709,0.30971571803092957,29.26469998783432
001780.npy,0.0014023487456142902,0.02363421395421028,28.531439536373195,0.7581467985691754,0.36811599135398865,74.70860000466928,0.0013111026491969824,0.02337651699781418,28.823632894488288,0.7785098021264673,0.40871596336364746,73.09089999762364
001202.npy,0.0015032847877591848,0.028022877871990204,28.229587583254506,0.6723640372831905,0.31529664993286133,72.63529999181628,0.0013576680794358253,0.026566974818706512,28.672063869175958,0.6738377069538133,0.32135242223739624,71.62469999457244
003198.npy,0.002594815567135811,0.027575992047786713,25.858935143924967,0.8406695649551786,0.13392864167690277,71.96330001170281,0.002546903910115361,0.02722509391605854,25.93987455104348,0.8348404722934514,0.14617076516151428,71.56389999727253
003159.npy,0.0015535762067884207,0.031313661485910416,28.086674611142016,0.43713961986899375,0.6874025464057922,71.00899999204557,0.0014889163430780172,0.030714724212884903,28.271296949585242,0.4354110576181412,0.6940070986747742,70.63699999707751
002625.npy,0.0033326931297779083,0.044751718640327454,24.772046576399838,0.42420645785842603,0.6933472752571106,12.253799999598414,0.0030439882539212704,0.04276524856686592,25.16557035858647,0.43536983918727,0.6674555540084839,11.983499993220903
001092.npy,0.003308946266770363,0.039878472685813904,24.803102652779803,0.8073515813731383,0.16546525061130524,12.245700010680594,0.0031491941772401333,0.038893528282642365,25.018005631927664,0.8167708498625458,0.1573866307735443,12.027700009639375
002199.npy,0.0004516074259299785,0.013846528716385365,33.452389143968404,0.8897208506128043,0.09579023718833923,12.267199999769218,0.00039714359445497394,0.01332978717982769,34.010524184939115,0.8943759703065306,0.11662928014993668,11.988700003712438
002792.npy,0.0011761818313971162,0.024560075253248215,29.295255552249174,0.8159035121785737,0.1923554539680481,12.27350000408478,0.0010288325138390064,0.02317703701555729,29.87655333751941,0.8316095063562393,0.22221407294273376,12.022900002193637
000469.npy,0.004758886527270079,0.04597749933600426,23.22494641097776,0.6301269064647779,0.34627801179885864,22.70709999720566,0.004672392271459103,0.045270197093486786,23.30460689640816,0.6324358975905651,0.3689831495285034,22.426600000471808
002952.npy,0.0025532706640660763,0.0299510695040226,25.929032034971414,0.8050260006228965,0.23451068997383118,24.8410999920452,0.002347191795706749,0.028895370662212372,26.2945142961988,0.8135596045838259,0.25701647996902466,24.50249998946674
002786.npy,0.002670627785846591,0.040622856467962265,25.733866587650688,0.7648116483805366,0.2388111650943756,27.13689999654889,0.002437317743897438,0.038837283849716187,26.130878409026998,0.7864521213762165,0.22237002849578857,27.40799999446608
000047.npy,0.00433716643601656,0.04976782202720642,23.627939056288085,0.6948711691676546,0.33552268147468567,32.24950000003446,0.0040510413236916065,0.048397134989500046,23.924333195884632,0.704738925115753,0.35093873739242554,31.856899993726984
002266.npy,0.002204886870458722,0.022168364375829697,26.566136933544378,0.8841866824404164,0.1239619255065918,74.45439998991787,0.002123023383319378,0.02234307862818241,26.730452038649027,0.886876029392577,0.1446903645992279,74.08289999875706
001029.npy,0.0005933903157711029,0.018109669908881187,32.26659527179707,0.8455500772960484,0.27430516481399536,12.04620000498835,0.0005368284182623029,0.016787292435765266,32.701644826784964,0.8574941885437966,0.2706875205039978,11.832200005301274
002167.npy,0.0007121823728084564,0.020679550245404243,31.47408777854409,0.8111607679006457,0.2749738395214081,12.647400013520382,0.0006435646209865808,0.019908566027879715,31.914078196535193,0.8304043107566833,0.2821097671985626,11.825800000224262
001917.npy,0.002668029861524701,0.036053285002708435,25.73809309551514,0.7438118563172817,0.2612135112285614,12.130999995861202,0.002525371266528964,0.03524372726678848,25.976747684835573,0.747567283369761,0.28173092007637024,11.869699999806471
002440.npy,0.001579736708663404,0.02541765198111534,28.014152705350334,0.788507621750623,0.24007359147071838,71.66859999415465,0.0013672406785190105,0.023173676803708076,28.641550290124805,0.8201279775998779,0.20991292595863342,71.18369999807328
001563.npy,0.002732654567807913,0.032308220863342285,25.634152982913868,0.8501592840063237,0.1203298419713974,13.49589999881573,0.0022497144527733326,0.030390802770853043,26.478725806663924,0.8637523554851562,0.13042406737804413,13.16410000436008
001576.npy,0.002322808839380741,0.031372033059597015,26.339865661903687,0.7653305235677189,0.20992997288703918,13.471199999912642,0.0021175588481128216,0.0302287545055151,26.74164530413084,0.7777638584206789,0.21726389229297638,13.250799995148554
000260.npy,0.002924556378275156,0.03734634816646576,25.33939988217872,0.7350839747926258,0.1822255253791809,13.441200004308484,0.0027801389805972576,0.03636714443564415,25.55933517792549,0.7448389363343716,0.2053731083869934,13.135600005625747
002442.npy,0.0011358980555087328,0.024911846965551376,29.44660665861224,0.8677367404295803,0.1248258650302887,21.43209999485407,0.0010636800434440374,0.02420315332710743,29.731890163352443,0.875112860119924,0.12885716557502747,21.859100001165643
001729.npy,0.011327599175274372,0.0811561793088913,19.458621258328815,0.5961502694176604,0.3547331690788269,25.19999998912681,0.010707344859838486,0.0789145678281784,19.703181961990182,0.6230340510216039,0.3499296009540558,24.91320000262931
002787.npy,0.0024331980384886265,0.038618773221969604,26.138225099859707,0.7585466653396115,0.2294515073299408,29.505700003937818,0.002233285689726472,0.036990031599998474,26.510557251713376,0.7787366771353937,0.21281644701957703,29.422199993859977
000655.npy,0.002059423830360174,0.028484221547842026,26.86254253532792,0.775075303360343,0.22381943464279175,29.156699994928204,0.0019243676215410233,0.027586527168750763,27.15711954420662,0.7807489529956579,0.2420767843723297,28.82069999759551
002570.npy,0.0020911809988319874,0.036182552576065063,26.796083812099397,0.4893777516472589,0.6695982217788696,74.19499999377877,0.0019517990294843912,0.03507246822118759,27.095649019292832,0.4929615589150218,0.6607515811920166,74.13039999664761
000626.npy,0.07500526309013367,0.2265763133764267,11.249082426035331,0.25067482081815673,0.554876446723938,12.106599999242462,0.07437220960855484,0.22516292333602905,11.285893201764562,0.262309955449049,0.5996936559677124,11.824399989563972
000449.npy,0.0006951083778403699,0.019514992833137512,31.57947493590744,0.8583259413866997,0.2789969742298126,12.132000003475696,0.0006517552537843585,0.0189372468739748,31.859154425914355,0.8638229150948524,0.3163200616836548,11.773400008678436
000192.npy,0.0015988546656444669,0.01926128752529621,27.961909985522453,0.8858541883932762,0.2648482322692871,12.113899996620603,0.001457221689634025,0.0170827005058527,28.364743628312326,0.9139290389006697,0.18473440408706665,11.79420000698883
000372.npy,0.0009410282946191728,0.024150928482413292,30.26397311471785,0.6503544739907384,0.4941069483757019,71.78860000567511,0.0009080837480723858,0.023754239082336426,30.41874097594048,0.6529933155286312,0.4991782009601593,71.17670000297949
002021.npy,0.002531734760850668,0.038824331015348434,25.965817746025014,0.677014733633576,0.29416000843048096,71.17999999900348,0.0023923804983496666,0.03771597892045975,26.211697346837806,0.6838640283741383,0.3007102608680725,70.67539999843575
002087.npy,0.002091691130772233,0.034513309597969055,26.795024504141686,0.600472963079758,0.36657944321632385,15.811499994015321,0.0020448227878659964,0.033972471952438354,26.89344328026565,0.5981004972964749,0.3869476020336151,15.653499998734333
000566.npy,0.00572874816134572,0.05886220186948776,22.41940273080147,0.5198176039548698,0.40371575951576233,15.851000003749505,0.005606084130704403,0.05823148787021637,22.51340420624007,0.5236091294702131,0.4076605439186096,15.549200004898012
000898.npy,0.0008537153480574489,0.019577428698539734,30.68686905094716,0.8934239150948524,0.15761637687683105,15.863199994782917,0.00071128667332232,0.016654957085847855,31.47955315586124,0.9121612477293014,0.1591770052909851,15.524600006756373
001482.npy,0.001326864119619131,0.02749422937631607,28.771735696626518,0.8007522439253777,0.23219098150730133,72.65850000840146,0.0012827577302232385,0.02753337472677231,28.91855348467115,0.7970623715616315,0.268751859664917,72.22190000175033
001635.npy,0.00041981058893725276,0.01504359021782875,33.76946621884852,0.9066831405633986,0.18588829040527344,12.185600004158914,0.0003334625798743218,0.013076337054371834,34.76952896120719,0.9227421390492916,0.20316728949546814,11.786499992012978
002390.npy,0.0035702933091670275,0.04076389968395233,24.472961070905782,0.5776803544089761,0.39689138531684875,12.03220000024885,0.0035587484017014503,0.04138169810175896,24.4870272733373,0.577923604957927,0.42000511288642883,11.752399994293228
001754.npy,0.004789283499121666,0.03350779414176941,23.197294450531505,0.804939385993632,0.14303438365459442,12.134099990362301,0.004153570160269737,0.031852759420871735,23.815784551852154,0.8266188869192135,0.1275191307067871,11.894900002516806
002394.npy,0.008715115487575531,0.06541614234447479,20.597268401524943,0.7066854145243102,0.2642676830291748,19.73549999820534,0.008349412120878696,0.06416934728622437,20.78344090013577,0.7191459541220413,0.29962271451950073,19.504099996993318
003059.npy,0.0010116408811882138,0.019127894192934036,29.949736050965278,0.8108283514513336,0.333941787481308,23.097700002836064,0.0009182854555547237,0.01739048957824707,30.370223100826227,0.8473117261449096,0.28842148184776306,22.721600005752407
001076.npy,0.004379270598292351,0.051370769739151,23.585982189318607,0.6248611166160624,0.39158785343170166,25.21990000968799,0.004192237742245197,0.05026458203792572,23.77554101113663,0.6408773467259407,0.38306668400764465,24.90800000668969
002207.npy,0.009518766775727272,0.06438951939344406,20.21419281490802,0.8324766619322151,0.15724168717861176,29.56379999523051,0.007882333360612392,0.058456096798181534,21.033452023195593,0.8576748692464586,0.17189660668373108,29.17330000491347
002299.npy,0.0015511828241869807,0.029079142957925797,28.093370104176824,0.7474339911354557,0.21767957508563995,74.34300000022631,0.0014497179072350264,0.02802356332540512,28.38716496914821,0.7568923959754147,0.23080724477767944,73.8227999972878
003051.npy,0.00037697525112889707,0.014046323485672474,34.23687181179484,0.8990631140828133,0.2513091564178467,71.0045000014361,0.00029494924820028245,0.012608026154339314,35.302527096044976,0.9328401397659779,0.2223111242055893,46.76100000506267
001010.npy,0.0011921407422050834,0.024671409279108047,29.236724744523123,0.8558429630456492,0.20322416722774506,15.55460000236053,0.00114436075091362,0.025237249210476875,29.414370502805237,0.8722675183054059,0.19245225191116333,15.259399995557033
003192.npy,0.0006979384925216436,0.014985227026045322,31.56182849286735,0.9134752084228992,0.1033182442188263,15.689699997892603,0.0006075628334656358,0.014668107032775879,32.16408806123967,0.9196053631382212,0.10346993803977966,15.454899999895133
001084.npy,0.00040866804192774,0.012337984517216682,33.8862929977363,0.9383573882448674,0.05112724006175995,15.573299999232404,0.000363286177162081,0.01139410026371479,34.3975108617438,0.9440655082931518,0.054799363017082214,15.252099998178892
000585.npy,0.0024716388434171677,0.039116889238357544,26.070149853715215,0.4133214461531928,0.6820386648178101,19.93670000229031,0.0023838907945901155,0.03848578780889511,26.227136432314037,0.40442843151973934,0.7022318840026855,26.406899996800348
001879.npy,0.0004940400249324739,0.016036495566368103,33.06237885686233,0.8263217838110095,0.41817599534988403,31.47069999249652,0.0004158425726927817,0.015043394640088081,33.810710574383876,0.848998773660183,0.3836342990398407,31.05959999084007
002633.npy,0.00448997039347887,0.05183342099189758,23.47756492914403,0.3512401518775463,0.810710072517395,74.25920000241604,0.004429486580193043,0.051466528326272964,23.5364657107155,0.33458392546569554,0.8358656167984009,73.84789999923669
001620.npy,0.0009599545155651867,0.01831747032701969,30.177493332872114,0.8730534852984362,0.135620579123497,71.25449999875855,0.0008563267765566707,0.017341747879981995,30.673604681241507,0.8828739266903997,0.1460736095905304,70.88379999913741
002044.npy,0.003767305053770542,0.039188697934150696,24.23969179029576,0.7767773264513314,0.2884741425514221,14.944599999580532,0.003554901108145714,0.036136798560619354,24.49172461333879,0.8042810194292161,0.27687084674835205,14.654899991001002
002684.npy,0.0033404927235096693,0.0390496626496315,24.761894566809115,0.7205818545373639,0.1984865665435791,14.998500002548099,0.003123763483017683,0.03781558573246002,25.053218290466237,0.7291174751443539,0.21337290108203888,14.74939999752678
000870.npy,0.0035812731366604567,0.047649189829826355,24.459625616541384,0.3032333685021745,0.8296102285385132,14.987899994594045,0.0034849124494940042,0.04702012240886688,24.57808148763563,0.2945786868917048,0.83492112159729,14.731799994478934
001288.npy,0.00046585340169258416,0.013111954554915428,33.31750746722621,0.8989386729405522,0.13379909098148346,14.99090000288561,0.00038281967863440514,0.012100091204047203,34.170057635536295,0.912200838416636,0.13699404895305634,14.653599995654076
002940.npy,0.006749994587153196,0.05387997627258301,21.706965574039575,0.7239801729999408,0.29347318410873413,23.25879999261815,0.0065179504454135895,0.052538804709911346,21.85888937813358,0.7385428729951419,0.29864978790283203,22.912199987331405
002323.npy,0.0033054151572287083,0.03616252541542053,24.807740007079182,0.8046415645466513,0.16081734001636505,73.5090000089258,0.0029682256281375885,0.034377217292785645,25.275031070624774,0.8164304985318389,0.18052798509597778,73.079299996607
000864.npy,0.01087973453104496,0.07222162932157516,19.633816770358653,0.6873893811896286,0.30441251397132874,71.03559999086428,0.010379807092249393,0.07085807621479034,19.838107048085657,0.7023583416532557,0.3210311830043793,70.74530000681989
000271.npy,0.0021360493265092373,0.022620879113674164,26.703887011426147,0.8111091729615331,0.2668418288230896,12.511199995060451,0.002016747370362282,0.022070106118917465,26.953484751678296,0.8185676449875832,0.2850519120693207,12.266599995200522
001096.npy,0.002446621423587203,0.03328371047973633,26.11433225199103,0.7673956040452122,0.25075098872184753,12.500199998612516,0.002349423011764884,0.03217030316591263,26.290387635784516,0.7698683104595467,0.26941922307014465,12.342200003331527
001643.npy,0.0004340038285590708,0.014841165393590927,33.62506439708122,0.822441886411475,0.24103394150733948,12.528100007330067,0.0004153607878834009,0.014733036048710346,33.815744982045224,0.8233725825591087,0.276625394821167,12.216200004331768
001292.npy,0.0024379752576351166,0.03617184981703758,26.129706683430154,0.7761978702028617,0.203807070851326,20.157899998594075,0.0022603399120271206,0.03498971089720726,26.45826282339675,0.7868875100011667,0.2225271314382553,20.205000007990748
000131.npy,0.004235877655446529,0.0498177669942379,23.730565782723062,0.7924851148501932,0.2223854809999466,23.503700009314343,0.0037846656050533056,0.0470135398209095,24.21972484736006,0.8099517332599908,0.2299460768699646,23.224599994136952
000938.npy,0.0005384478718042374,0.017368465662002563,32.688563396800575,0.7904977560565993,0.3682836890220642,25.79850000620354,0.000518725486472249,0.016935152933001518,32.85062420872138,0.797100676813066,0.3826923668384552,25.51750000566244
000229.npy,0.008520848117768764,0.06937510520219803,20.695171860223816,0.7338478230536585,0.23260779678821564,74.61680000415072,0.00798838771879673,0.06694146990776062,20.97540855948891,0.7483460536242929,0.2638278007507324,74.11399998818524
001328.npy,0.0007239581318572164,0.017924048006534576,31.402865924101242,0.8525847128579281,0.23094742000102997,11.99290000658948,0.0006325962604023516,0.01687277853488922,31.98873397444015,0.8685743927134871,0.22040238976478577,11.69810000283178
002804.npy,0.0018650649581104517,0.03098313882946968,27.29306039662736,0.7352392958123087,0.2568768858909607,11.99139999516774,0.001813676324672997,0.03033038228750229,27.41440214754862,0.7399338246658742,0.2768794298171997,11.752300008083694
000899.npy,0.000767780002206564,0.017834758386015892,31.147632216187958,0.9047140564751625,0.15017889440059662,12.048000004142523,0.0006772646447643638,0.01588795892894268,31.69241624924185,0.9204552087094784,0.15814834833145142,11.79430000775028
002281.npy,0.0033466219902038574,0.04076036438345909,24.753933187898692,0.8177019046520875,0.1584799736738205,11.996600005659275,0.0028686807490885258,0.037964947521686554,25.42317753345568,0.8309393033389738,0.16545027494430542,11.71809999505058
002818.npy,0.0018846624298021197,0.03286620229482651,27.2476642364445,0.6396054259865992,0.383659303188324,21.32109999365639,0.0018657471518963575,0.03274640068411827,27.291472227791807,0.6338383798520565,0.40243732929229736,21.00849999987986
002621.npy,0.000811554491519928,0.01943492889404297,30.906823074174138,0.7958879194155335,0.2908397614955902,71.8602999986615,0.0007961424998939037,0.018869196996092796,30.990091621147897,0.8037737531360388,0.2717074155807495,60.39959999907296
001105.npy,0.0017692665569484234,0.024029817432165146,27.52206739408027,0.7626555392667651,0.3051356375217438,17.142600001534447,0.0016434452263638377,0.023317404091358185,27.84244774999859,0.7695128951922842,0.32867854833602905,16.810400004033
001554.npy,0.0026791980490088463,0.033387694507837296,25.719951525476677,0.7141771376086912,0.2934875786304474,17.172899999422953,0.002470677252858877,0.03240639343857765,26.071840077055842,0.7208086981726046,0.3159645199775696,16.857700000400655
001893.npy,0.0037216823548078537,0.038419730961322784,24.2926072492366,0.7431590620454317,0.19609612226486206,17.174699998577125,0.003331388346850872,0.03582950308918953,24.773747592728625,0.7759867740880437,0.17576614022254944,16.90569998754654
000669.npy,0.0017563975416123867,0.030058201402425766,27.55377180892215,0.680014972849492,0.3253224790096283,26.407700002891943,0.001730804331600666,0.029382910579442978,27.617520227037584,0.674901786475271,0.36393749713897705,26.036499999463558
001002.npy,0.00185964978300035,0.03240643069148064,27.30568823261487,0.5145249269634499,0.6673521995544434,28.666400001384318,0.001857619732618332,0.03275357931852341,27.310431786914716,0.5087113068677261,0.7114461064338684,28.352400011499412
002986.npy,0.0020336222369223833,0.033681876957416534,26.91729719038314,0.4524450220613275,0.5172898769378662,31.18720000202302,0.0020293472334742546,0.033285222947597504,26.926435994456984,0.44057889770616865,0.5481864809989929,31.472800008486956
002187.npy,0.0007537847850471735,0.01810818910598755,31.227526645191293,0.8775184008185057,0.1779126226902008,36.59659999539144,0.0006685086409561336,0.017385832965373993,31.748929809057422,0.8952370961828232,0.18106259405612946,36.465400000452064
000700.npy,0.000648415123578161,0.017722249031066895,31.881468603866736,0.8652794324178695,0.16152043640613556,29.48830000241287,0.000530475634150207,0.01651349477469921,32.75334548946779,0.8741467740240098,0.17606092989444733,29.199800002970733
002600.npy,0.000921253114938736,0.022323936223983765,30.35621049825066,0.8089023600170537,0.21929976344108582,29.489900000044145,0.0009106995421461761,0.02237251214683056,30.406248909228903,0.8085345103899613,0.24745261669158936,29.214499998488463
002495.npy,0.0064844717271625996,0.060006141662597656,21.881253981722363,0.6077672589575304,0.28985556960105896,74.06569999875501,0.0063495393842458725,0.05966992676258087,21.9725775368269,0.6104295614992212,0.3301181197166443,72.57969999045599
000292.npy,0.0006813138024881482,0.012476466596126556,31.66652792325049,0.9272999794046879,0.08481306582689285,72.08559999708086,0.0005188265349715948,0.011510735377669334,32.84977844860888,0.9359131123862267,0.0949215441942215,71.84040000720415
002654.npy,0.004737359471619129,0.04864305257797241,23.24463642937273,0.6720195212362856,0.31898033618927,71.71000000380445,0.004437871742993593,0.04735547676682472,23.528252620087343,0.6827488036138858,0.34418168663978577,71.29999999597203
002799.npy,0.0012781745754182339,0.02846495807170868,28.934098179000046,0.5136513539676666,0.5960599184036255,14.835699999821372,0.0012644071830436587,0.028340600430965424,28.98113038729803,0.5110492385163308,0.6012188196182251,14.460699996561743
002874.npy,0.0007449158001691103,0.017026739194989204,31.278928403029784,0.834566814121008,0.33497166633605957,14.83600000210572,0.0005262170452624559,0.015605777502059937,32.788350641008115,0.8538152551255226,0.36542829871177673,14.472599999862723
001093.npy,0.00026931636966764927,0.011166222393512726,35.697372485894874,0.9253390421037226,0.11873792111873627,14.82580001174938,0.0002431472239550203,0.010670628398656845,36.14130698540997,0.9321260559555292,0.11961084604263306,14.563300006557256
002745.npy,0.0009004098828881979,0.022561917081475258,30.45559738792862,0.7868668158249259,0.37069764733314514,78.36509999469854,0.0008552689105272293,0.022049710154533386,30.678973084358287,0.7923562005990148,0.3936842381954193,71.52720000885893
000858.npy,0.0010571193415671587,0.025478731840848923,29.758760181899394,0.7081699493336007,0.4142870306968689,71.38670000131242,0.0009273800533264875,0.023944973945617676,30.327422276232756,0.7310190143827349,0.37773892283439636,71.0527000046568
001455.npy,0.0004877782193943858,0.01632566750049591,33.11777600709748,0.8634295261230376,0.1647389978170395,16.920599999139085,0.0004595484060700983,0.015666771680116653,33.37668728041508,0.8780631895934343,0.18174761533737183,16.458099998999387
001516.npy,0.004570357035845518,0.04653657600283623,23.400498783895696,0.7834673685025237,0.22025930881500244,16.95829999516718,0.004376912489533424,0.04541223868727684,23.588321552241986,0.7950569642745927,0.25061360001564026,16.520300006959587
000666.npy,0.00032029050635173917,0.005394222214818001,34.944559125344284,0.9691602110421658,0.05209961533546448,16.976400002022274,0.0003586712118703872,0.004337240010499954,34.45303508773146,0.9801310797390417,0.06254002451896667,17.020799990859814
001494.npy,0.00044757919386029243,0.012422855012118816,33.49130130434679,0.8741088216790557,0.20330041646957397,74.2134000029182,0.0004171638283878565,0.011836577206850052,33.7969336011411,0.8786662262080908,0.22736488282680511,73.5592999990331
002603.npy,0.0015639637131243944,0.026493825018405914,28.057733322328453,0.6923196467187833,0.35158586502075195,71.41210000554565,0.0014939041575416923,0.026027701795101166,28.25677287923577,0.6945996170538498,0.36995410919189453,67.01109999266919
001857.npy,0.0004014350415673107,0.013653425499796867,33.9638472308239,0.9147086290711165,0.12579892575740814,12.960199994267896,0.0003260457597207278,0.012448089197278023,34.86721450547929,0.9324347658519745,0.10742859542369843,12.693099997704849
003158.npy,0.001850952859967947,0.03394465148448944,27.326046374370318,0.41843155796240084,0.7142783403396606,13.010800001211464,0.0016589817823842168,0.03233173489570618,27.801583966651684,0.42719868009820583,0.6838013529777527,12.92480000120122
003151.npy,0.0009388502221554518,0.019989602267742157,30.2740365785488,0.8420524665660155,0.1491689682006836,13.005100001464598,0.0008356130565516651,0.018600761890411377,30.779947788965334,0.8571183642881438,0.14059126377105713,12.742299993988127
000413.npy,0.007840823382139206,0.06829272210597992,21.05638371372351,0.5417452551956107,0.39371055364608765,23.48990000609774,0.007511989213526249,0.06711673736572266,21.242450497985416,0.5553923434678102,0.4067641794681549,23.411500005749986
000953.npy,0.0007041451754048467,0.02041471190750599,31.523377731069083,0.6821603573618792,0.5203644037246704,26.383999997051433,0.0006014971877448261,0.01912955939769745,32.20766377975613,0.7028002109929323,0.4805985689163208,27.36130000266712
000326.npy,0.000765607226639986,0.015394104644656181,31.159939801692026,0.896931393006742,0.1134873479604721,30.128800004604273,0.0006833110237494111,0.014559745788574219,31.653815870570867,0.9063846450770349,0.1273982673883438,29.852899999241345
001185.npy,0.0019665511790663004,0.03356035426259041,27.062947468169934,0.8106839661466815,0.1876600980758667,29.137199991964735,0.0018635888118296862,0.03257733955979347,27.29649900928939,0.8163501186375915,0.20308400690555573,28.996299995924346
000933.npy,0.0008963194559328258,0.018788618966937065,30.475371664940415,0.7623299322270178,0.29562288522720337,74.56950000778306,0.000839965243358165,0.018314503133296967,30.75738649585547,0.7653967066104338,0.30410775542259216,73.94050000584684
002708.npy,0.0028539993800222874,0.040255650877952576,25.44546141157468,0.5742464159347778,0.3719293773174286,12.679899999056943,0.002642824314534664,0.039245352149009705,25.779317276662297,0.5783215160000149,0.37341082096099854,11.750999998184852
000187.npy,0.0007855496369302273,0.01959122344851494,31.048263630097797,0.88325730092448,0.122963547706604,12.35219999216497,0.0007317558629438281,0.018857227638363838,31.356337762266435,0.8894898639387936,0.14279618859291077,11.922100005904213
000284.npy,0.005359195638448,0.0503741092979908,22.709003896391135,0.6792356685259017,0.3195495903491974,12.386699992930517,0.004954974167048931,0.04877721890807152,23.049586414233197,0.6929637900223394,0.34920430183410645,12.107700007618405
002885.npy,0.0025729434564709663,0.03666204586625099,25.895697180264087,0.737843628727708,0.22519880533218384,71.52110000606626,0.0023338044993579388,0.035004109144210815,26.319355507755997,0.7525220503279194,0.2283332347869873,71.18130000890233
000787.npy,0.0004866475937888026,0.013437091372907162,33.12785408736755,0.8900664125888348,0.09401057660579681,15.214200000627898,0.0004040126805193722,0.012509096413850784,33.936049660877536,0.901363307216525,0.11769649386405945,14.766899999813177
002364.npy,0.0022551794536411762,0.02755645290017128,26.468189035721718,0.7529832728434503,0.20511992275714874,15.205000003334135,0.002074490999802947,0.026731334626674652,26.830884548261402,0.7568437132664323,0.21638080477714539,14.83820000430569
001481.npy,0.0017291259719058871,0.03085910528898239,27.62173357308278,0.7818176475045439,0.1949104517698288,15.145199999096803,0.0017003618413582444,0.030923478305339813,27.694586356052497,0.7861451589305689,0.23469170928001404,14.822600001934916
002533.npy,0.0138693330809474,0.09335217624902725,18.579444191223025,0.48033159287900384,0.5412407517433167,24.224699998740107,0.013567188754677773,0.09231358766555786,18.67510163371685,0.4959939244220285,0.5528024435043335,24.598799995146692
002574.npy,0.00045021832920610905,0.01649519056081772,33.46576827722335,0.8836075694656372,0.14594821631908417,73.63129999430384,0.0004431185661815107,0.016403216868638992,33.534800499263405,0.897457527235508,0.16728200018405914,73.58470000326633
001200.npy,0.0016937635373324156,0.030398238450288773,27.71147213936136,0.7900460412900895,0.27627062797546387,71.33999999496154,0.0016961428336799145,0.03099031187593937,27.70537570398124,0.7915116092419326,0.3170624375343323,70.61520000570454
002261.npy,0.0007019988261163235,0.019938267767429352,31.53663617869376,0.8392465815107674,0.20347413420677185,13.45450000371784,0.0007270150235854089,0.020311139523983,31.384566161777094,0.844461830043137,0.2174491584300995,13.170500009437092
000322.npy,0.0016213133931159973,0.02679707296192646,27.90133041989045,0.8180438251934312,0.18321841955184937,13.434099993901327,0.001542920945212245,0.026257038116455078,28.1165632055985,0.8263153060380779,0.1936199814081192,13.137799993273802
001550.npy,0.0010895279701799154,0.019907299429178238,29.627616511345444,0.8510778627498821,0.2179792821407318,13.49070000287611,0.0010542150121182203,0.019169578328728676,29.77070743136437,0.857643984046191,0.21934674680233002,13.09890000266023
000511.npy,0.0036201791372150183,0.04204118624329567,24.412699466639506,0.6683418472482515,0.26640447974205017,13.429200000246055,0.0033521302975714207,0.04076860845088959,24.746791206854,0.6759338946002014,0.29295113682746887,13.108700004522689
002196.npy,0.004767077974975109,0.04221551492810249,23.217477034616127,0.8101324230696038,0.1335051953792572,23.314999998547137,0.004008390009403229,0.03860266134142876,23.97030054918231,0.8352873691058457,0.1237410455942154,22.92279999528546
001881.npy,0.0024592489935457706,0.03818117827177048,26.091975161999898,0.7648990202842504,0.2281607687473297,72.79479999851901,0.0023001371882855892,0.03719969838857651,26.382462556284786,0.7739469417865612,0.22460606694221497,72.04640000418294
002988.npy,0.0020894361659884453,0.030594591051340103,26.799709113059006,0.584102166359136,0.45412129163742065,72.05090000934433,0.001874465961009264,0.029186422005295753,27.27122415875282,0.5946481769234687,0.4680773913860321,71.46580000699032
000177.npy,0.0025994949974119663,0.04047997295856476,25.851110245303325,0.36066401124353065,0.7361825108528137,71.20839999697637,0.0023716415744274855,0.038836099207401276,26.249509369059997,0.3627787925026491,0.7394994497299194,70.6520000094315
001083.npy,0.00041134076309390366,0.015338198281824589,33.857982645405066,0.8313002620249986,0.42338815331459045,71.06889999704435,0.0002584890171419829,0.012488964945077896,35.875579036274495,0.8857621401195526,0.2935261130332947,35.59449999011122
002472.npy,0.006545558571815491,0.05145154893398285,21.840532620130265,0.7916251855672598,0.1621640920639038,17.19680000678636,0.005712708458304405,0.048010893166065216,22.43157925738768,0.8148547699358464,0.1762307733297348,16.86669999617152
001408.npy,0.0005771977594122291,0.010751884430646896,32.38675366627472,0.9273596419006586,0.12647466361522675,17.28660000662785,0.0004792905237991363,0.009825300425291061,33.19401161298879,0.9366196786080897,0.13018305599689484,16.809200009447522
001470.npy,0.003389161778613925,0.03435058146715164,24.69907700485212,0.8160536192668587,0.19426925480365753,17.215200001373887,0.003285328857600689,0.033457640558481216,24.834211712512648,0.8247399896961944,0.20619019865989685,16.89559999795165
000396.npy,0.0031661377288401127,0.042344845831394196,24.99470218582507,0.7289375222282409,0.30288442969322205,27.15360000729561,0.0029724370688199997,0.04101811349391937,25.2688731647598,0.7422938594404161,0.31806862354278564,26.826699991943315
001556.npy,0.0013538076309487224,0.0233384370803833,28.684430281332855,0.8452426079477128,0.24754205346107483,29.509300002246164,0.0012377756647765636,0.023279210552573204,29.07358059732678,0.8679250715108319,0.29238319396972656,30.770899989875033
000379.npy,0.007493297569453716,0.05729135125875473,21.253270193325484,0.7188500734143173,0.2983649969100952,76.34569999936502,0.007293520960956812,0.05569913238286972,21.37062767050905,0.7357580489142165,0.2792019844055176,74.02679999358952
000418.npy,0.0015215998282656074,0.030398722738027573,28.17699546182034,0.4839721947614861,0.6975412964820862,72.77460000477731,0.0013924221275374293,0.029170460999011993,28.562290897563823,0.4870954945589602,0.6903698444366455,71.44729999708943
001378.npy,0.002351253293454647,0.03602129966020584,26.2870057394411,0.6730702506684093,0.3201092779636383,71.69810000050347,0.0022802590392529964,0.03569769486784935,26.420158354713553,0.6701755219676457,0.34090656042099,50.09350000182167
003127.npy,0.0003146782983094454,0.013561776839196682,35.021331994550266,0.8875627353386879,0.2877974510192871,16.352699996787123,0.0002660593017935753,0.012604430317878723,35.750215901843475,0.9011883454995155,0.2916710674762726,16.018299997085705
000881.npy,0.0007045462261885405,0.018836241215467453,31.5209052121918,0.8476556257461235,0.21664229035377502,16.429700001026504,0.0005670436657965183,0.017263038083910942,32.463834736106534,0.866443343836546,0.19067779183387756,16.03520000935532
000636.npy,0.0017319575417786837,0.025512129068374634,27.614627613462535,0.7928285354603529,0.17922158539295197,16.410500000347383,0.0015976467402651906,0.02441825345158577,27.965192488474926,0.8028953033951521,0.198614239692688,16.026899989810772
001138.npy,0.0018659083871170878,0.02843288891017437,27.291096578142643,0.8110168882406354,0.19080927968025208,72.55359999544453,0.001455632271245122,0.02621523290872574,28.369483172502488,0.8289383989094645,0.18590520322322845,71.35800000105519
001393.npy,0.0011880488600581884,0.0266733318567276,29.25165669656623,0.7040678803599179,0.3714766502380371,71.04779999644961,0.0011849252041429281,0.026473941281437874,29.263090793028272,0.7076004053204059,0.4058864414691925,70.84599998779595
001731.npy,0.01235924195498228,0.0848860964179039,19.08008198009203,0.5964193681752232,0.31777000427246094,12.558100002934225,0.011725388467311859,0.08264092355966568,19.308727564557845,0.6222653025964759,0.3121187388896942,12.294500003918074
002859.npy,0.00026683893520385027,0.012548582628369331,35.73750848951064,0.8664253176763058,0.28630295395851135,12.536499998532236,0.0002011533360928297,0.011073971167206764,36.96472750535169,0.8839677353663444,0.2561304569244385,12.265299999853596
000653.npy,0.0019926487002521753,0.027739189565181732,27.005692527648975,0.7844753293430805,0.22755067050457,12.598399989656173,0.001861243392340839,0.026876553893089294,27.301968343372693,0.7889655406095981,0.2525741755962372,12.281999996048398
003108.npy,0.001450603362172842,0.02639014460146427,28.38451353902665,0.757594099465549,0.270329087972641,22.632899999734946,0.0013797781430184841,0.02569616585969925,28.60190752657539,0.7742819351214617,0.2627352774143219,22.27380000113044
000026.npy,0.005295528098940849,0.04773162677884102,22.760907238499023,0.7022223865584731,0.27519121766090393,24.893299996620044,0.004960431717336178,0.04612501710653305,23.044805315511713,0.7139956204749197,0.3078107535839081,24.53290000266861
001139.npy,0.002070401795208454,0.03053104132413864,26.83945380200249,0.7894361639765501,0.21333357691764832,29.064100002869964,0.0016273506917059422,0.02761603705585003,27.88518844983709,0.8156057737007141,0.19997259974479675,28.84450000419747
002413.npy,0.0004480655479710549,0.014204147271811962,33.48658436893554,0.9142406284887791,0.17469079792499542,31.886700002360158,0.0003199836937710643,0.013149759732186794,34.94872123870667,0.939700101026535,0.13857097923755646,33.114699996076524
001839.npy,0.003048079088330269,0.03496242314577103,25.15973784437635,0.7841402940594405,0.202812060713768,78.63689999794587,0.0030267410911619663,0.03475760668516159,25.190246948103404,0.7860196510011884,0.23403459787368774,77.38820000668056
000902.npy,0.002085530897602439,0.02634851448237896,26.807833617694357,0.7903578759581894,0.1869780421257019,72.40180000371765,0.001811494934372604,0.02508818358182907,27.419628652270042,0.7922123025925792,0.20436060428619385,71.76930000423454
001718.npy,0.0008786411490291357,0.02257116325199604,30.561884363569245,0.739767549045302,0.24073658883571625,15.977800008840859,0.0008290536352433264,0.021941035985946655,30.814173483424412,0.7426627699322886,0.2733728289604187,15.614599993568845
002232.npy,0.0011273070704191923,0.025113845244050026,29.47957794009621,0.7505313449839307,0.22608307003974915,15.989399995305575,0.0009647003607824445,0.023306716233491898,30.15607564055629,0.7877878159829862,0.2044111043214798,15.733499996713363
002872.npy,0.0005793659365735948,0.017254840582609177,32.37047044443495,0.8278673886854202,0.2458948791027069,15.983799996320158,0.0005641165189445019,0.01712634041905403,32.48631184554401,0.8344849791150466,0.2643960416316986,15.651499998057261
002661.npy,0.0005344634409993887,0.016424141824245453,32.72081968020153,0.8841429010128975,0.20068970322608948,27.17119999579154,0.0004940414801239967,0.0154399573802948,33.06236580267613,0.9001948421835899,0.16880343854427338,27.004900010069832
002932.npy,0.0014997937250882387,0.02691245824098587,28.23968438318522,0.8239051270614565,0.1481315940618515,29.525100006139837,0.0013154763728380203,0.02533029019832611,28.809169689647693,0.8361632101800666,0.16341595351696014,29.702100000577047
000814.npy,0.004381707403808832,0.044044893234968185,23.583566174519813,0.7234584530856926,0.2622966766357422,34.73069999017753,0.004220857750624418,0.04325118660926819,23.745992669161012,0.7238843559058467,0.28376519680023193,35.021499992581084
002298.npy,0.0011372638400644064,0.024491310119628906,29.441387943871774,0.8006538834193945,0.17059721052646637,40.00629999791272,0.0010330142686143517,0.023467544466257095,29.858936812766522,0.8100612891007066,0.17575497925281525,39.624900004127994
000108.npy,0.013338726945221424,0.07857808470726013,18.748856127770086,0.640210686011069,0.27081015706062317,75.15580000472255,0.013178168796002865,0.07729494571685791,18.801449368000483,0.6484961717048602,0.31079599261283875,74.71149999764748
002465.npy,0.002128767082467675,0.03393200784921646,26.718718793913702,0.7722500869780965,0.21454942226409912,12.094500008970499,0.0019632591865956783,0.03270881623029709,27.070223739929652,0.7793769524767437,0.24066604673862457,11.740200003259815
002069.npy,0.00027972011594101787,0.01114229392260313,35.53276327154618,0.9181804513897895,0.07633325457572937,12.113000004319474,0.00024092438980005682,0.01053621806204319,36.18119228583954,0.9263168714051246,0.08404359221458435,11.933000001590699
000952.npy,0.0028170058503746986,0.03991635888814926,25.502122560771646,0.47168836038586986,0.5317550897598267,12.09440000820905,0.002628173679113388,0.03863015025854111,25.803459472582155,0.4723098386947941,0.5304816961288452,11.72480000241194
000895.npy,0.0019973907619714737,0.027500564232468605,26.995370038367913,0.7513746011307649,0.3405953049659729,23.813699997845106,0.0018327198922634125,0.025645829737186432,27.369039001701672,0.7848879063506052,0.2846306562423706,23.26129999710247
000383.npy,0.0026440327055752277,0.04021385312080383,25.77733191944172,0.45298572484301963,0.7925100922584534,25.62529999704566,0.0025782675947993994,0.03949153423309326,25.886719939253368,0.4495400458945483,0.8053114414215088,25.121900005615316
000122.npy,0.0010085594840347767,0.019307386130094528,29.962985303617664,0.8682259847466741,0.10092981159687042,30.033700008061714,0.0007828426314517856,0.01722910813987255,31.063255339030707,0.8877928862490552,0.0908641666173935,29.942799999844283
000130.npy,0.0042955344542860985,0.05024690181016922,23.6698276275117,0.7914919316234738,0.21117514371871948,29.097799997543916,0.003891346976161003,0.04767865687608719,24.09900025565912,0.8077852254182101,0.2260616421699524,28.77220000664238
001728.npy,0.0035692062228918076,0.03174479305744171,24.474283678791092,0.860854223791033,0.15088960528373718,74.31100000394508,0.0031091871205717325,0.029413484036922455,25.073531465989127,0.8772599029546455,0.1601289063692093,72.97300000209361
002418.npy,0.0019005730282515287,0.030960407108068466,27.211154383385114,0.7697281598065421,0.2099969983100891,71.33979999343865,0.0015484687173739076,0.028584089130163193,28.100975487852445,0.7910499549059383,0.21478042006492615,70.86039999558125
000356.npy,0.0034386550541967154,0.038534048944711685,24.63611385081373,0.7065895662388548,0.2587164044380188,13.598200006526895,0.003281249664723873,0.03794866055250168,24.839606898264588,0.7118150007551133,0.2808089852333069,13.291300012497231
002233.npy,0.001639889320358634,0.029770981520414352,27.851854813704293,0.7590676398375519,0.2730097472667694,13.621999998576939,0.001618754817172885,0.03092082589864731,27.90818945995584,0.7533805036811531,0.2994955778121948,13.27139999193605
003033.npy,0.004045731388032436,0.04732020944356918,23.93002943648616,0.5748465470236708,0.4227423071861267,13.64570000441745,0.003970339894294739,0.04726974293589592,24.01172334081916,0.5723769871132989,0.472340852022171,13.310499998624437
002771.npy,0.0031293188221752644,0.042784325778484344,25.04550170805889,0.44088564091336635,0.44258612394332886,24.025300008361228,0.003084444673731923,0.04247750714421272,25.108230200076132,0.4298568625125893,0.4436446726322174,23.736999995890073
000419.npy,0.0015245702816173434,0.030449822545051575,28.16852573171021,0.48105201926982405,0.6879941821098328,28.294200004893355,0.001395103638060391,0.02921466901898384,28.553935363402452,0.484267002586484,0.6760143041610718,27.9409999930067
003016.npy,0.0055060964077711105,0.05451123043894768,22.591561535664688,0.755858191185412,0.22647441923618317,33.333700004732236,0.005072642117738724,0.05269269645214081,22.947658151290963,0.76867537969766,0.2434353232383728,33.073099999455735
000571.npy,0.0030126420315355062,0.038451068103313446,25.210524689044856,0.7342267991282344,0.24479986727237701,29.59259999624919,0.0028577828779816628,0.037601154297590256,25.439707908858203,0.7419321582255661,0.24512913823127747,29.228200000943616
000914.npy,0.004611917771399021,0.050127044320106506,23.361184281953882,0.7501134178309367,0.2572045624256134,74.40719999431167,0.004356605000793934,0.04861355572938919,23.60851805741044,0.7643161484856158,0.26259905099868774,72.75609999487642
001003.npy,0.0020119103137403727,0.034076981246471405,26.963913876827924,0.5275431439791604,0.550492525100708,71.44459999108221,0.0018211918650195003,0.032734718173742294,27.396442846453382,0.5404318100777679,0.5469412207603455,70.90209999296349
001126.npy,0.00153515231795609,0.025690387934446335,28.13848521627911,0.8285929579306841,0.15920642018318176,71.35560001188423,0.0013943068915978074,0.024675723165273666,28.556416228951136,0.8376880200085379,0.16264401376247406,47.460299989324994
003037.npy,0.001200666418299079,0.0218807402998209,29.205776331549018,0.9143999680991173,0.06621687114238739,15.821099994354881,0.0010659651597961783,0.020653698593378067,29.722570066769777,0.9223252135634422,0.07439325004816055,15.517099993303418
000102.npy,0.0007169413147494197,0.020661579445004463,31.445163920163964,0.7743153889858672,0.43352949619293213,15.797999993083067,0.0005894333589822054,0.01896202564239502,32.29565255006911,0.7992598362438083,0.3715910017490387,15.458800000487827
000456.npy,0.0031851003877818584,0.04241466894745827,24.96876839011876,0.5965325087370132,0.4350159764289856,15.801599991391413,0.003129655960947275,0.042118463665246964,25.045034091118588,0.592418669515344,0.45539140701293945,15.451700004632585
002619.npy,0.0020881087984889746,0.026510488241910934,26.802469000220604,0.8136590382944755,0.20472970604896545,27.198000010685064,0.0020453566685318947,0.0258806012570858,26.892309616872396,0.816406308403078,0.21660847961902618,26.759600004879758
