filename,sigma,mse,mae,psnr_db,ssim,inference_ms
001863.npy,0.01,0.0017488597659394145,0.03375471755862236,27.57244991826177,0.6291537511487008,256.1471999997593
001086.npy,0.01,0.00042639742605388165,0.014135492965579033,33.701854201345526,0.8732397809586525,12.182500000562868
001599.npy,0.01,0.0033496245741844177,0.05129106342792511,24.750038429296893,0.7902776012758017,12.130299999626004
000008.npy,0.01,0.005921049974858761,0.05845021456480026,22.27601291970921,0.7287884357841611,12.03700000041863
001552.npy,0.01,0.005377587862312794,0.04562738910317421,22.69412501678588,0.8229747604853846,12.125100000048405
000674.npy,0.01,0.001971388002857566,0.03442713990807533,27.05227879935832,0.8942037714281083,12.0587000001251
000240.npy,0.01,0.0038378150202333927,0.03654789552092552,24.159159427390335,0.8873248179521561,12.017199999718287
001642.npy,0.01,0.0011555168312042952,0.025023385882377625,29.37223699247248,0.7151980659120083,12.059599999702186
000875.npy,0.01,0.0023292717523872852,0.03649430721998215,26.32779834674602,0.6719270108658075,12.068099999851256
001971.npy,0.01,0.0027608973905444145,0.04452924430370331,25.589497607021418,0.5713808714339733,12.048200000208453
001989.npy,0.01,0.0011161532020196319,0.027765804901719093,29.522761758416504,0.9719106496391297,12.137599999732629
001664.npy,0.01,0.005075786262750626,0.05236657336354256,22.944966746639906,0.69485246907565,12.105599999813421
000681.npy,0.01,0.0010611116886138916,0.023510240018367767,29.742388885917833,0.9328921239876747,12.813000000278407
000968.npy,0.01,0.0030787496361881495,0.03675816208124161,25.116256086521005,0.7769541399405002,12.094999999135325
000382.npy,0.01,0.0030016752425581217,0.04158734530210495,25.226362973218457,0.44600627779507634,12.146300000495103
000060.npy,0.01,0.0032135951332747936,0.04323231801390648,24.930088416128065,0.6669307423214912,12.148500000876084
002214.npy,0.01,0.0004380250466056168,0.014512825757265091,33.58501067916717,0.8557896345887184,12.291300000470073
002671.npy,0.01,0.0037861329037696123,0.04951069504022598,24.218041518812132,0.7744894656459093,12.247300000126415
000207.npy,0.01,0.005747760646045208,0.05311468243598938,22.40501298778615,0.7581694390079128,12.239499999850523
000401.npy,0.01,0.002273651771247387,0.04088670015335083,26.432760567805627,0.7631217926700116,12.160600000242994
002254.npy,0.01,0.0034479100722819567,0.048436351120471954,24.624440644623412,0.5725031664527654,12.982399999600602
001815.npy,0.01,0.0027478234842419624,0.040790583938360214,25.61011168047202,0.860951381012559,12.075800000275194
000308.npy,0.01,0.0011362711666151881,0.02527899667620659,29.445180160602614,0.9611497384924889,12.300299999878916
001023.npy,0.01,0.001938016153872013,0.030086126178503036,27.126426322158178,0.7639132995163203,11.94870000017545
001894.npy,0.01,0.0028543886728584766,0.03912094235420227,25.44486896185434,0.8512756347238869,11.99220000034984
002943.npy,0.01,0.002618496073409915,0.03972189500927925,25.819480480518532,0.6278631036806106,12.065300000358548
000751.npy,0.01,0.002802917268127203,0.039834849536418915,25.5238971449116,0.7133059538936615,11.844199999359262
003184.npy,0.01,0.005136628169566393,0.05015502870082855,22.893218528802805,0.8052241902943253,11.95700000062061
000574.npy,0.01,0.003569865832105279,0.05913757532835007,24.473481127128384,0.9654172764991522,13.190200000281038
001837.npy,0.01,0.0023212393280118704,0.03214101865887642,26.342800981317925,0.7637771243910492,11.815000000751752
003142.npy,0.01,0.00037137296749278903,0.01371786743402481,34.30189683799557,0.8739182125902176,11.829900000520865
002931.npy,0.01,0.006274937652051449,0.061589859426021576,22.02390585397088,0.4430525528383851,11.899599999196653
000784.npy,0.01,0.0020642236340790987,0.03158485144376755,26.85243254805354,0.8452044678087235,11.943600000449806
001018.npy,0.01,0.0009903390891849995,0.022897332906723022,30.042160625323945,0.8796027063965798,11.904099999810569
000447.npy,0.01,0.0015037155244499445,0.030418435111641884,28.228343230798927,0.828178005045414,12.593899999956193
001389.npy,0.01,0.0013936939649283886,0.03048219531774521,28.558325932083896,0.7378630351433754,12.200400000438094
001649.npy,0.01,0.0007386927027255297,0.020503992214798927,31.315361934658952,0.854509658393383,207.58179999938875
000248.npy,0.01,0.00230603851377964,0.03426633030176163,26.371334711696576,0.8421229593167305,11.988100000053237
000403.npy,0.01,0.002922528423368931,0.04876817762851715,25.34241227596351,0.8368461482228041,11.965900000177498
002646.npy,0.01,0.002178668277338147,0.041960038244724274,26.618089189679374,0.914501401822567,11.762699999962933
002676.npy,0.01,0.0028385412879288197,0.045845381915569305,25.46904790206031,0.6703267396150827,12.746200000037788
002758.npy,0.01,0.006208914332091808,0.062318895012140274,22.069843263869053,0.20293537474155426,11.894900000697817
000221.npy,0.01,0.004132552072405815,0.04554927349090576,23.837816492290393,0.7025435605102964,11.834500000077242
001912.npy,0.01,0.006072742864489555,0.059392645955085754,22.16615084085035,0.8109838896428346,11.941500000830274
001683.npy,0.01,0.001449821051210165,0.02497989498078823,28.386855841938306,0.9430147968808412,11.953299999731826
001734.npy,0.01,0.00043677131179720163,0.0150346290320158,33.59745898851632,0.8489849274716377,12.255499999810127
001451.npy,0.01,0.0018644382944330573,0.0384967178106308,27.2945193971351,0.8801280348997116,12.221799999679206
001765.npy,0.01,0.002286482136696577,0.03887388855218887,26.408321992185098,0.4616275021972656,12.181500000224332
002699.npy,0.01,0.003855079645290971,0.04919298738241196,24.139666466857875,0.2951388621227741,11.568199999601347
000397.npy,0.01,0.005868779961019754,0.06348007172346115,22.314521736185053,0.32443145377925037,11.750499999834574
000386.npy,0.01,0.005260583944618702,0.057855814695358276,22.789660218283597,0.3826589344753921,11.792100000093342
000779.npy,0.01,0.007493374403566122,0.06345158070325851,21.253225842968387,0.3990814086527601,11.875799999870651
001667.npy,0.01,0.004578035324811935,0.048985984176397324,23.39320862291581,0.5930466863106489,11.855799999466399
001937.npy,0.01,0.0035901316441595554,0.04815387725830078,24.448896407595694,0.2959495952041149,11.846100000184379
000995.npy,0.01,0.001365848584100604,0.030704906210303307,28.64597432408706,0.6930334779314995,12.26539999970555
001936.npy,0.01,0.0039361915551126,0.05600303038954735,24.049237777299105,0.7273888369055689,11.886600000252656
002360.npy,0.01,0.008860228583216667,0.0648270696401596,20.525550888199284,0.7348830066183322,11.828400000013062
002338.npy,0.01,0.0023286608047783375,0.03892630338668823,26.328937401670338,0.4429917033228874,11.943099999371043
000541.npy,0.01,0.0009869372006505728,0.02489129826426506,30.05710498767965,0.8541282991886139,11.981499999819789
002978.npy,0.01,0.0013359098229557276,0.025346465408802032,28.74222851246136,0.7554235610700548,12.09489999928337
000877.npy,0.01,0.0003972841950599104,0.01605069637298584,34.0089871263004,0.9186101354074478,18.17769999979646
001988.npy,0.01,0.0032819865737110376,0.055626995861530304,24.838632066981678,0.975379788239479,11.624299999311916
002740.npy,0.01,0.0020493799820542336,0.03695989400148392,26.883775021965036,0.8068551626496315,11.828800000330375
001140.npy,0.01,0.0017907238798215985,0.029108602553606033,27.469713714357347,0.8103414829145018,11.931000000004133
000974.npy,0.01,0.0007325576152652502,0.01840128004550934,31.351582131369998,0.8682683923959732,12.03099999929691
002105.npy,0.01,0.0030208048410713673,0.05164865404367447,25.19877318815091,0.8098908657655716,12.037500000587897
002954.npy,0.01,0.0014616737607866526,0.029086992144584656,28.35149586458989,0.9404357706825733,11.932599999454396
001353.npy,0.01,0.0014413446187973022,0.030670229345560074,28.41232168942524,0.7209699961953163,11.905899999874237
000128.npy,0.01,0.0016263278666883707,0.03428725153207779,27.887918711299914,0.8044450705380439,11.946000000534696
000276.npy,0.01,0.000472733547212556,0.012496551498770714,33.253835795070486,0.9521950633544922,11.945500000365428
000937.npy,0.01,0.001123499358072877,0.026985779404640198,29.494271680223694,0.867079497487545,11.848699999973178
000241.npy,0.01,0.003308168612420559,0.055949222296476364,24.80412392903663,0.9754877783794403,11.843499999486085
002584.npy,0.01,0.0019465095829218626,0.027290120720863342,27.107434756686303,0.8550670066092387,11.96559999971214
002899.npy,0.01,0.0046215057373046875,0.05089550465345383,23.352164588160804,0.6706311953331828,11.807699999735632
000290.npy,0.01,0.004441794008016586,0.05113925039768219,23.52441598610394,0.6767034694442451,11.896200000592216
000029.npy,0.01,0.0026393402367830276,0.039456386119127274,25.785045849157825,0.8077078859534264,12.761100000716397
003168.npy,0.01,0.0018457589903846383,0.03278277814388275,27.33824996680142,0.7477886071249247,11.86370000050374
002410.npy,0.01,0.005784489214420319,0.050373610109090805,22.377350095756313,0.6930648456057981,11.946499999794469
000942.npy,0.01,0.0012641046196222305,0.028749752789735794,28.982169795457597,0.9244630658714771,12.014800000542891
002268.npy,0.01,0.0018657230539247394,0.029931167140603065,27.29152821033818,0.8738143646216542,12.618599999768776
002409.npy,0.01,0.0058828117325901985,0.05074989050626755,22.304150325239096,0.6946883161577583,12.798700000530516
000086.npy,0.01,0.011075519025325775,0.07862664759159088,19.556359253243933,0.7382414552103908,12.760799999341543
001384.npy,0.01,0.014721322804689407,0.08741943538188934,18.320531735643666,0.6245187766063165,12.437999999747262
000262.npy,0.01,0.0014983981382101774,0.02503478154540062,28.243727506310037,0.8480410705960989,12.351800000033109
000920.npy,0.01,0.0014436186756938696,0.023056134581565857,28.405474781885857,0.8639652320965528,12.217399999826739
001015.npy,0.01,0.003484174143522978,0.05153827741742134,24.579001587980848,0.8627836345040091,12.046900000314054
000495.npy,0.01,0.004531565122306347,0.05389103665947914,23.437517773968324,0.2419745599758625,12.021999999888067
001849.npy,0.01,0.0022715008817613125,0.03976006805896759,26.43687076655961,0.6977776259148121,12.409300000399526
002119.npy,0.01,0.00884227640926838,0.07185645401477814,20.534358959937563,0.5752638010825515,13.15599999998085
001794.npy,0.01,0.005550689063966274,0.05830809846520424,22.556530983742885,0.625503166020304,12.371799999527866
001529.npy,0.01,0.0010281747672706842,0.024818016216158867,29.879330895036915,0.6730089799320698,12.061999999787076
003172.npy,0.01,0.0032502850517630577,0.05060547962784767,24.88078575338015,0.7782239917857051,12.836699999752454
002751.npy,0.01,0.002410533372312784,0.03666938096284866,26.178868541695195,0.6894428098843097,12.074100000063481
001634.npy,0.01,0.0018141036853194237,0.034483280032873154,27.41337884549338,0.6390126767909526,11.982199999692966
001276.npy,0.01,0.0033038323745131493,0.03998074680566788,24.809820157047685,0.8197252946597338,11.95720000032452
002920.npy,0.01,0.009269515052437782,0.07004384696483612,20.32942965846714,0.7172017738230303,11.977699999988545
000823.npy,0.01,0.00022407354845199734,0.011278543621301651,36.496094199986636,0.8396503625640869,11.848200000713405
002825.npy,0.01,0.005730387754738331,0.058420270681381226,22.418159986721488,0.5084732502201498,12.129199999435514
002208.npy,0.01,0.007142731919884682,0.0689498633146286,21.46135662179544,0.45007773364053105,12.094499999875552
000867.npy,0.01,0.005833113566040993,0.06163271516561508,22.34099580276064,0.22364310726225375,11.895999999978812
001733.npy,0.01,0.0006124812643975019,0.01698797196149826,32.129072176458486,0.844325254781723,12.160899999798858
002484.npy,0.01,0.00044233264634385705,0.015291506424546242,33.54251007099205,0.955921906829834,11.989399999947636
002161.npy,0.01,0.004514594562351704,0.052641868591308594,23.453812492106053,0.6435289456278086,11.951999999837426
001085.npy,0.01,0.0005648551741614938,0.016157222911715508,32.480628965473684,0.9149436396856307,11.781400000472786
000676.npy,0.01,0.005286029540002346,0.04316553846001625,22.768704033052153,0.8421206799296365,13.368300000365707
002251.npy,0.01,0.0014051829930394888,0.028246384114027023,28.522671199406137,0.8877141011710167,13.688299999557785
001946.npy,0.01,0.0026483661495149136,0.038600753992795944,25.770219864829404,0.8143932980055809,13.746699999501288
002702.npy,0.01,0.0005181998712942004,0.018023014068603516,32.85502657981774,0.8565926025648117,13.677500000085274
000525.npy,0.01,0.001341952127404511,0.029904985800385475,28.72262986687621,0.6767577790427208,13.8466000007611
000515.npy,0.01,0.01581200212240219,0.09731407463550568,18.010131146192265,0.5908418972761766,13.831700000082492
002181.npy,0.01,0.0022562022786587477,0.04027111083269119,26.466219679063443,0.8656245226631164,16.751899999690067
000283.npy,0.01,0.002810673089697957,0.03549502044916153,25.511896716078066,0.8714681777734673,16.75410000007105
001990.npy,0.01,0.001323153031989932,0.031421080231666565,28.783899111662848,0.9720015077667237,16.758199999458157
000350.npy,0.01,0.0019329265924170613,0.03378966078162193,27.137846491704497,0.7264380823178291,16.81430000007822
003139.npy,0.01,0.003135689999908209,0.03826528042554855,25.036668505244233,0.7719300692978837,19.038000000364264
003083.npy,0.01,0.0017394800670444965,0.03201751410961151,27.59580547671854,0.8105685790505112,20.03340000010212
000986.npy,0.01,0.0038930268492549658,0.05505680292844772,24.097126202869124,0.8244750988250896,20.022599999720114
000237.npy,0.01,0.0020635859109461308,0.03433505445718765,26.85377392248677,0.8133194775793552,20.097000000532717
000980.npy,0.01,0.004530991427600384,0.046299777925014496,23.438067573522474,0.6625048563697338,21.046400000159338
001259.npy,0.01,0.0013408055528998375,0.03455043211579323,28.726342060346802,0.9755885666790008,22.892899999533256
001486.npy,0.01,0.0015360477846115828,0.030880490317940712,28.135952954065434,0.940732172872901,22.995000000264554
000458.npy,0.01,0.0032948385924100876,0.03847117722034454,24.821658776475402,0.6561944956690334,22.99270000003162
000079.npy,0.01,0.0004847214440815151,0.016852881759405136,33.14507745559413,0.839106388431549,24.274100000184262
002001.npy,0.01,0.0023215902037918568,0.03789190202951431,26.342144203572516,0.4846462011013031,24.40859999933309
001327.npy,0.01,0.003297839779406786,0.035619545727968216,24.81770445986994,0.8108904172785543,24.3929999996908
002453.npy,0.01,0.0015804984141141176,0.031492769718170166,28.012059531389617,0.8951030540807248,25.168000000121538
000002.npy,0.01,0.0007721559377387166,0.021132100373506546,31.12294996964132,0.8918126556873321,25.600500000109605
002172.npy,0.01,0.00263907085172832,0.034692443907260895,25.785489219546903,0.7849227379209847,25.741200000084064
002209.npy,0.01,0.0033826048020273447,0.04512512683868408,24.70748741494766,0.6499063605154455,25.828599999840662
000661.npy,0.01,0.002137262374162674,0.03920026123523712,26.701421569974407,0.7437442349448204,26.199900000392518
001531.npy,0.01,0.0011371143627911806,0.026366598904132843,29.44195827293168,0.6576391435427665,26.157500000408618
003053.npy,0.01,0.0012875302927568555,0.027806703001260757,28.90242549258644,0.7732446275961399,26.25339999940479
003174.npy,0.01,0.0014981904532760382,0.02964632585644722,28.24433009577298,0.9151339283937215,26.501399999688147
002494.npy,0.01,0.006181734148412943,0.06231175363063812,22.088896520529453,0.6007802804728747,26.462099999662314
003019.npy,0.01,0.002256174571812153,0.0383455716073513,26.466273306237994,0.4395561625699997,26.48449999924196
002617.npy,0.01,0.0023288936354219913,0.02912571281194687,26.32850336316168,0.7774295859827995,26.45840000059252
001222.npy,0.01,0.0013713976368308067,0.0256991907954216,28.62836576277017,0.8553713868055344,26.633200000105717
002561.npy,0.01,0.0023796255700290203,0.03518422693014145,26.234913602376437,0.7828392969942987,26.55019999929209
000435.npy,0.01,0.0008806413970887661,0.021003611385822296,30.552009074659562,0.7630768887751103,26.582200000120793
002079.npy,0.01,0.0018604935612529516,0.03153955936431885,27.303718420440145,0.9022852918906212,26.703000000452448
000731.npy,0.01,0.0018401157576590776,0.03420629724860191,27.35154877929196,0.7843420292618275,26.76470000005793
002050.npy,0.01,0.00041131669422611594,0.013893719762563705,33.85823679659581,0.9054986192851067,26.474700000107987
001078.npy,0.01,0.0022916554007679224,0.03683090955018997,26.398506684090396,0.6353576996068955,26.490100000046368
002947.npy,0.01,0.0035602739080786705,0.045361705124378204,24.48516580653681,0.7005150939747095,26.458199999979115
002957.npy,0.01,0.002498588291928172,0.036683589220047,26.02305290698572,0.7014981227211728,26.188599999841244
000013.npy,0.01,0.005246810149401426,0.06120971217751503,22.801046388904158,0.9225039738237858,26.193099999545666
001858.npy,0.01,0.0021262038499116898,0.039865583181381226,26.72395107769223,0.9265184331965447,26.16459999990184
000647.npy,0.01,0.003747104899957776,0.04860254004597664,24.263041272578782,0.6097509893223997,25.951599999643804
001780.npy,0.01,0.004187274724245071,0.061317235231399536,23.780685775800844,0.7994802675251961,25.99880000070698
001202.npy,0.01,0.002065303735435009,0.0326237827539444,26.8501607965915,0.6673564747452736,26.14940000057686
003198.npy,0.01,0.0018650805577635765,0.0258057601749897,27.293024022674572,0.8209726355316862,25.97220000006928
003159.npy,0.01,0.002314220182597637,0.038714706897735596,26.355953401633215,0.4283657755036354,25.85429999999178
002625.npy,0.01,0.0036988991778343916,0.049204252660274506,24.319274739146195,0.4384881818546057,25.839199999609264
001092.npy,0.01,0.002496744506061077,0.03508288413286209,26.026259270069808,0.8657996330920197,25.816599999416212
002199.npy,0.01,0.0003863719175569713,0.013573219068348408,34.12994433509822,0.8998231717743873,25.559899999279878
002792.npy,0.01,0.0027874356601387262,0.04797757416963577,25.54795157935136,0.8691072800529003,25.57249999972555
000469.npy,0.01,0.004194352310150862,0.04448487609624863,23.773350784435646,0.6397207070200145,25.53189999980532
002952.npy,0.01,0.002704389626160264,0.034461408853530884,25.679307403118344,0.8213205584957302,25.32679999967513
002786.npy,0.01,0.002263628412038088,0.03770041465759277,26.451948803570986,0.7969539801148177,25.34190000005765
000047.npy,0.01,0.004424872808158398,0.05101894959807396,23.540991958564632,0.6997154515390396,25.210100000549573
002266.npy,0.01,0.001596722868271172,0.02031395584344864,27.967704576462523,0.9200361510623842,24.718599999687285
001029.npy,0.01,0.002180982381105423,0.04214215278625488,26.613478549095717,0.8717186632053852,24.623500000416243
002167.npy,0.01,0.0018380206311121583,0.038083404302597046,27.356496206923854,0.8626391757202149,24.75959999992483
001917.npy,0.01,0.0024730656296014786,0.03474043682217598,26.067643347416993,0.7469469860284328,24.642299999868555
002440.npy,0.01,0.0016978878993541002,0.03299228101968765,27.700910032597385,0.8713502311880589,24.576799999522336
001563.npy,0.01,0.002997823990881443,0.04254471883177757,25.231938550368017,0.8869347807836533,24.530699999559147
001576.npy,0.01,0.0023831515572965145,0.0360068678855896,26.228483663798606,0.8025219203775551,24.487499999850115
000260.npy,0.01,0.002362305298447609,0.03335443139076233,26.26663927793676,0.7633805536046028,24.059000000306696
002442.npy,0.01,0.0011156841646879911,0.02546287514269352,29.524587630542353,0.8903235937166214,23.99429999968561
001729.npy,0.01,0.010914670303463936,0.08186446130275726,19.619893997639352,0.6028940491144061,24.18740000030084
002787.npy,0.01,0.0020459219813346863,0.035644710063934326,26.891109206152457,0.7924626603105068,24.09700000043813
000655.npy,0.01,0.0017488012090325356,0.02596246264874935,27.572595313643944,0.7922159906277657,23.855899999944086
002570.npy,0.01,0.0024622634518891573,0.03982238098978996,26.08665465724925,0.4863620930929184,23.893999999927473
000626.npy,0.01,0.06892047822475433,0.22331054508686066,11.616517173720819,0.25018070175167617,23.93709999978455
000449.npy,0.01,0.0007191573386080563,0.01978655532002449,31.43176086605206,0.8856297015681267,23.580599999149854
000192.npy,0.01,0.0028603889513760805,0.04558376222848892,25.43574904671268,0.9361716526959762,23.555900000246766
000372.npy,0.01,0.0016622161492705345,0.03284928947687149,27.793124860830083,0.6587467833185195,23.455599999579135
002021.npy,0.01,0.0029441802762448788,0.04456715285778046,25.310356299494092,0.6825275918116569,22.90629999970406
002087.npy,0.01,0.0027688252739608288,0.04018159955739975,25.577044351433457,0.5588052286611795,23.05660000001808
000566.npy,0.01,0.006275949068367481,0.06172419339418411,22.023205794160617,0.4436713995380104,23.09369999966293
000898.npy,0.01,0.00230412557721138,0.04412038251757622,26.374938327185966,0.936795134585619,22.905699999682838
001482.npy,0.01,0.0031319609843194485,0.04909258335828781,25.041836490082233,0.819209951057911,22.750299999643175
001635.npy,0.01,0.0029757178854197264,0.05268227308988571,25.26408232407922,0.9352266002612114,22.7058999998917
002390.npy,0.01,0.005184751935303211,0.06082434579730034,22.85272001607336,0.558964186264202,22.835700000541692
001754.npy,0.01,0.004130685701966286,0.041212428361177444,23.839778766705408,0.8457631119671762,22.708800000145857
002394.npy,0.01,0.007565376348793507,0.06624080240726471,21.211694407818236,0.737097719587339,22.48989999952755
003059.npy,0.01,0.001379768829792738,0.03099949285387993,28.601936939338465,0.909228922491923,22.60870000009163
001076.npy,0.01,0.004645592533051968,0.05371236801147461,23.32958907125917,0.616431591958493,22.193000000697793
002207.npy,0.01,0.00805478636175394,0.06976092606782913,20.93945996885111,0.8785242369388044,22.55220000006375
002299.npy,0.01,0.0014956188388168812,0.027706310153007507,28.251790964925934,0.789036858861506,22.344599999996717
003051.npy,0.01,0.003258155658841133,0.05632228031754494,24.87028174525277,0.9512856106410027,22.390099999938684
001010.npy,0.01,0.002710465807467699,0.04448593780398369,25.66956117873442,0.9100490661797523,21.68600000004517
003192.npy,0.01,0.0007178420783020556,0.017297184094786644,31.439711000324372,0.949805368813932,21.750699999756762
001084.npy,0.01,0.0004915110766887665,0.015090848319232464,33.08466708087957,0.9257840751228332,21.777599999950326
000585.npy,0.01,0.0028316439129412174,0.04215947538614273,25.479613555901498,0.3610429106025696,21.770500000457105
001879.npy,0.01,0.0008920000400394201,0.022133344784379005,30.49635117534632,0.8913378426761627,21.561800000199582
002633.npy,0.01,0.0047662025317549706,0.053025927394628525,23.21827505108107,0.28679390369445085,21.617800000058196
001620.npy,0.01,0.0009010611101984978,0.02001166343688965,30.452457492773345,0.9064303835653067,21.652000000358385
002044.npy,0.01,0.004293015226721764,0.05346313863992691,23.672375682512325,0.826589083452925,21.440900000015972
002684.npy,0.01,0.002971939044073224,0.03714974969625473,25.269600944296563,0.7349664512968064,21.430000000691507
000870.npy,0.01,0.004225688986480236,0.051895152777433395,23.74102474771216,0.2660830217293501,21.378700000241224
001288.npy,0.01,0.0006234704051166773,0.015599881298840046,32.05184156540943,0.929840189599514,21.222600000328384
002940.npy,0.01,0.007229998242110014,0.061475299298763275,21.408617894949966,0.7202763968320415,20.902700000078767
002323.npy,0.01,0.003114365041255951,0.03902926295995712,25.066304802943602,0.8325657860839069,20.897700000205077
000864.npy,0.01,0.009590293280780315,0.07138071209192276,20.181681128445508,0.7221907298690249,20.890800000415766
000271.npy,0.01,0.0017794427694752812,0.021220341324806213,27.49715972818834,0.8319270988175869,20.942299999660463
001096.npy,0.01,0.00249120919033885,0.03407051041722298,26.035897888715077,0.77748073626386,20.898200000374345
001643.npy,0.01,0.0004509807622525841,0.015351009555161,33.45841978955416,0.8315563703050614,20.977300000595278
001292.npy,0.01,0.001966988667845726,0.032387908548116684,27.061981061516846,0.8013172043001652,20.969800000784744
000131.npy,0.01,0.0036423560231924057,0.046354345977306366,24.386176175232144,0.8169431580744981,21.030699999755598
000938.npy,0.01,0.001491656876169145,0.03217452019453049,28.2633107972257,0.8067622785859108,20.901799999592185
000229.npy,0.01,0.007808530703186989,0.06764021515846252,21.074306548230787,0.753349281205304,20.951200000126846
001328.npy,0.01,0.0012191897258162498,0.02852535806596279,29.13928716797693,0.9093407097783983,20.97479999974894
002804.npy,0.01,0.0021628118120133877,0.033853426575660706,26.64981293535973,0.7273833932110034,21.09149999978399
000899.npy,0.01,0.0022462992928922176,0.04376799613237381,26.485323955020952,0.9395086681187153,20.94570000008389
002281.npy,0.01,0.00306876702234149,0.04002431780099869,25.13036079288638,0.8388484085806608,20.896799999718496
002818.npy,0.01,0.002353914547711611,0.03689931333065033,26.28209289110245,0.6041987577011585,21.226500000011583
002621.npy,0.01,0.0011960412375628948,0.02608872763812542,29.22253855519688,0.8098468392056227,21.62250000037602
001105.npy,0.01,0.0015600722981616855,0.023651685565710068,28.068552849596145,0.7649074090059995,21.391700000094716
001554.npy,0.01,0.003243367886170745,0.04357770457863808,24.89003781500363,0.7272475722481012,21.427899999252986
001893.npy,0.01,0.003176454920321703,0.04201268404722214,24.980573126913647,0.8469253200066685,21.70990000013262
000669.npy,0.01,0.002881943481042981,0.04251758009195328,25.403145347461017,0.676156602832675,21.694600000046194
001002.npy,0.01,0.0030516195110976696,0.04638584330677986,25.154695972656953,0.49864234379470346,21.698499999729393
002986.npy,0.01,0.003279841970652342,0.04468723386526108,24.84147084526386,0.4282802786666872,22.245199999815668
002187.npy,0.01,0.0019808155484497547,0.03460312262177467,27.031559574177486,0.9186771807301044,22.377100000085193
000700.npy,0.01,0.0010740157449617982,0.0244879350066185,29.689893407588745,0.8818083753275872,22.37570000033884
002600.npy,0.01,0.0016785265179350972,0.03283686190843582,27.7507175259054,0.8187928816256523,22.571000000425556
002495.npy,0.01,0.006224428303539753,0.06253516674041748,22.059005569527766,0.5999932113986909,22.495499999422464
000292.npy,0.01,0.00045995981781743467,0.011990124359726906,33.372801334581446,0.9436739456195832,22.59830000002694
002654.npy,0.01,0.004421368706971407,0.05023946240544319,23.54443265357351,0.6854255197027027,22.506799999973737
002799.npy,0.01,0.0024063820019364357,0.040099624544382095,26.186354460534147,0.5097488962988853,22.668799999337352
002874.npy,0.01,0.0033558455761522055,0.05413876473903656,24.74198057163184,0.8641933141462803,22.654200000033597
001093.npy,0.01,0.00022659981914330274,0.010807279497385025,36.44740440231978,0.9562243867616653,22.779100000661856
002745.npy,0.01,0.000995590235106647,0.024058734998106956,30.019193783439363,0.809570515654564,22.743399999853864
000858.npy,0.01,0.001870573265478015,0.03664836287498474,27.280252676423405,0.7676254065389633,22.92959999977029
001455.npy,0.01,0.0011927076848223805,0.027725860476493835,29.234660020034923,0.9098860935578347,22.897200000443263
001516.npy,0.01,0.004041445441544056,0.04429285600781441,23.934632837295126,0.816682647486031,22.93999999983498
000666.npy,0.01,0.0003264179395046085,0.007009375840425491,34.862260125666054,0.9554157809634208,22.84609999969689
001494.npy,0.01,0.0015150078106671572,0.028122082352638245,28.19585114485009,0.8817139839098453,22.700200000144832
002603.npy,0.01,0.0015456581022590399,0.026057716459035873,28.10886573408247,0.6783911132137775,22.690400000101363
001857.npy,0.01,0.0009264278342016041,0.026369336992502213,30.33188393252629,0.959362353520155,22.70649999991292
003158.npy,0.01,0.002390315756201744,0.03936544805765152,26.215447178937033,0.4199549221689701,22.775100000217208
003151.npy,0.01,0.0012464482570067048,0.024922572076320648,29.043257498814196,0.8822258499321938,22.69720000003872
000413.npy,0.01,0.007946728728711605,0.07260613888502121,20.99811602889526,0.5126088816072046,22.669799999675888
000953.npy,0.01,0.0012084245681762695,0.02875080145895481,29.177804725840186,0.7279984949502945,22.663099999590486
000326.npy,0.01,0.0006837775581516325,0.01505712978541851,31.65085144803628,0.9147846909847968,22.53000000018801
001185.npy,0.01,0.0019416313152760267,0.03436053544282913,27.118332149751176,0.8361933159182071,22.58559999972931
000933.npy,0.01,0.0008562341099604964,0.018216095864772797,30.67407459030587,0.766688982570529,22.541399999681744
002708.npy,0.01,0.004054869990795851,0.05478673055768013,23.920230820637926,0.588394671998322,22.346400000060385
000187.npy,0.01,0.0006205879617482424,0.017871156334877014,32.07196637707804,0.9166217492837906,22.32129999993049
000284.npy,0.01,0.004977354779839516,0.05089058727025986,23.030014205474775,0.7029114783998653,22.382500000276195
002885.npy,0.01,0.002731888322159648,0.03887876123189926,25.635370625311744,0.7344099267400503,22.444500000347034
000787.npy,0.01,0.0004169990716036409,0.012510580942034721,33.798649196275356,0.9140432154386043,21.665799999937008
002364.npy,0.01,0.002092135837301612,0.02963675558567047,26.794101211635013,0.7615084129577429,21.89399999952002
001481.npy,0.01,0.003388992976397276,0.05124647542834282,24.699292968069674,0.8237264772267342,21.858899999642745
002533.npy,0.01,0.012698705308139324,0.09058067947626114,18.96240556069551,0.4851421750289872,21.831400000337453
002574.npy,0.01,0.001709285657852888,0.03710932284593582,27.671853254809502,0.9168814146342278,21.732199999860313
001200.npy,0.01,0.0026109586469829082,0.039453499019145966,25.832000256048783,0.805220225129351,21.823300000505697
002261.npy,0.01,0.001985246781259775,0.037777047604322433,27.021855091229696,0.8693914615323544,21.804299999530485
000322.npy,0.01,0.0017370117129758,0.02907247096300125,27.601972599610324,0.8367619300937652,21.550599999500264
001550.npy,0.01,0.0012559553142637014,0.025287169963121414,29.01025792329749,0.8757964399363398,21.540400000048976
000511.npy,0.01,0.0030554409604519606,0.03975733742117882,25.14926128328274,0.6794429510948062,21.53199999975186
002196.npy,0.01,0.003573416033759713,0.04302297905087471,24.469164310539092,0.8857483986259699,21.55670000047394
001881.npy,0.01,0.00285144429653883,0.04360055923461914,25.44935110052535,0.7978008934867382,21.366500000112865
002988.npy,0.01,0.0030410392209887505,0.0448007732629776,25.16977974007345,0.6038626098574604,21.404800000709656
000177.npy,0.01,0.0030935602262616158,0.044677671045064926,25.095414133523164,0.33899241887569426,21.33659999981319
001083.npy,0.01,0.0012709428556263447,0.030511511489748955,28.958739554214866,0.9330233516626358,21.249899999929767
002472.npy,0.01,0.004936222918331623,0.04542108252644539,23.066052164914904,0.8308228767213821,20.959200000106648
001408.npy,0.01,0.0005260180914774537,0.010280949994921684,32.789993021422326,0.9451103985049129,20.914100000481994
001470.npy,0.01,0.0031399617437273264,0.03341235965490341,25.0307562757027,0.8403732458564583,20.91980000022886
000396.npy,0.01,0.0029416114557534456,0.040152985602617264,25.314146641429225,0.7410151562314033,20.71159999923111
001556.npy,0.01,0.0034132758155465126,0.05266229435801506,24.668286058821867,0.8913899055240377,20.62819999991916
000379.npy,0.01,0.008134827017784119,0.07450556010007858,20.896516558435117,0.7420431975353956,20.59709999957704
000418.npy,0.01,0.0016519727651029825,0.03179876133799553,27.819971146233513,0.47531643156194686,20.59540000027482
001378.npy,0.01,0.0026745153591036797,0.041834890842437744,25.727548945026545,0.6572903270685673,20.646599999963655
003127.npy,0.01,0.0008541435236111283,0.02332632802426815,30.68469148359881,0.9204844115715027,21.030799999607552
000881.npy,0.01,0.0008769927080720663,0.023066338151693344,30.57004002245556,0.9026804835503102,20.45799999996234
000636.npy,0.01,0.0014230792876332998,0.023083359003067017,28.467708729671195,0.8137071179344654,20.49170000009326
001138.npy,0.01,0.0020593395456671715,0.036976851522922516,26.862720386800078,0.8481678557002544,20.311000000219792
001393.npy,0.01,0.002170584863051772,0.03766580671072006,26.634232425176336,0.7258995926184654,20.430900000064867
001731.npy,0.01,0.011425157077610493,0.08367884159088135,19.421378403478908,0.6093820238733292,20.36210000005667
002859.npy,0.01,0.0009183071088045835,0.02511592209339142,30.370120512869146,0.8999545872745514,20.51149999988411
000653.npy,0.01,0.0017759650945663452,0.026097547262907028,27.505655551888605,0.7900056130831241,19.988899999589194
003108.npy,0.01,0.0022512422874569893,0.03867723047733307,26.47577768578386,0.8299164614329934,19.97280000068713
000026.npy,0.01,0.004637840203940868,0.0447748601436615,23.33684259909843,0.7171216778967381,19.942900000387453
001139.npy,0.01,0.0020384863018989563,0.036730919033288956,26.90692196225831,0.8480245159230232,19.962800000030256
002413.npy,0.01,0.002169742714613676,0.042578939348459244,26.63591749654543,0.9573176220712661,19.711199999619566
001839.npy,0.01,0.0026744690258055925,0.0342952236533165,25.7276242702681,0.7998848484113701,19.896399999197456
000902.npy,0.01,0.0017073170747607946,0.025606058537960052,27.676858156323995,0.7548039103229046,19.86430000033579
001718.npy,0.01,0.0016769907670095563,0.034015052020549774,27.754693302169912,0.7475314975473881,19.876800000020012
002232.npy,0.01,0.00247269868850708,0.04459246248006821,26.068287844561766,0.8240375071858168,19.6695999993608
002872.npy,0.01,0.001069966470822692,0.02525707334280014,29.70629810009733,0.8446392124288082,19.802099999651546
002661.npy,0.01,0.000760015333071351,0.023287782445549965,31.191776535205005,0.9391522293167114,19.826300000204355
002932.npy,0.01,0.0014108848990872502,0.029081247746944427,28.505084010729455,0.8555367705782652,19.7360000001936
000814.npy,0.01,0.003998228348791599,0.04312075674533844,23.981324140450827,0.7064801181180477,19.616600000517792
002298.npy,0.01,0.0011617069831117988,0.024925492703914642,29.349033726789582,0.8235666432054043,19.612099999903876
000108.npy,0.01,0.011496352031826973,0.07546821236610413,19.39439906786554,0.6683238950694622,19.6194000000105
002465.npy,0.01,0.0021897603292018175,0.03572811931371689,26.59603380237649,0.7852647697119712,19.67979999972158
002069.npy,0.01,0.0002550128847360611,0.011657420545816422,35.93437914642838,0.9321424724903107,19.433899999967252
000952.npy,0.01,0.0037414352409541607,0.049521554261446,24.269617805499806,0.4594335321857929,19.31510000031267
000895.npy,0.01,0.0023757736198604107,0.04026465490460396,26.241949199246214,0.8214251314681917,19.47680000012042
000383.npy,0.01,0.003264692146331072,0.04415711760520935,24.861577677498726,0.4325812751559019,19.508899999891582
000122.npy,0.01,0.0008766595274209976,0.019772475585341454,30.571690519608502,0.9335044562211037,19.139500000164844
000130.npy,0.01,0.003646194003522396,0.04643455892801285,24.381602007130407,0.8169802698351145,19.120699999803037
001728.npy,0.01,0.0027594901621341705,0.02904209867119789,25.591711543544914,0.8679370983107425,19.172500000422588
002418.npy,0.01,0.0018391519552096725,0.032783932983875275,27.35382377141002,0.7911165761409998,19.203400000151305
000356.npy,0.01,0.0032206480391323566,0.04189953953027725,24.920567088720166,0.7318555758802937,18.970499999340973
002233.npy,0.01,0.0038319239392876625,0.0540967620909214,24.165830909270714,0.7910539413182736,19.155599999976403
003033.npy,0.01,0.004551100078970194,0.05460093915462494,23.41883612074338,0.552400529911995,18.994699999893783
002771.npy,0.01,0.003801540471613407,0.04832962155342102,24.200403865082993,0.393245065972507,19.035700000131328
000419.npy,0.01,0.0017258457373827696,0.032499171793460846,27.62998008380492,0.4730601832203865,18.86610000019573
003016.npy,0.01,0.005252119153738022,0.058430567383766174,22.796654256545565,0.7827394382560253,18.945800000437885
000571.npy,0.01,0.0030171284452080727,0.04062829911708832,25.204062084003915,0.7408733808112145,19.063000000642205
000914.npy,0.01,0.0038516686763614416,0.04580363631248474,24.143510795856077,0.7736761440371275,18.773699999655946
001003.npy,0.01,0.002866549650207162,0.04526006802916527,25.426405417810436,0.5454849621126652,18.809999999575666
001126.npy,0.01,0.0018058529822155833,0.03133310005068779,27.433176282007384,0.8534317746378779,19.112899999527144
003037.npy,0.01,0.0007753830868750811,0.017951617017388344,31.104836778738,0.9400759789319039,19.015800000488525
000102.npy,0.01,0.0013964588288217783,0.03086503967642784,28.54971826149026,0.8377161912374497,18.68079999985639
000456.npy,0.01,0.003989548422396183,0.04991467297077179,23.990762565639617,0.5725195545173287,18.622900000082154
002619.npy,0.01,0.0022469344548881054,0.028405502438545227,26.48409596706535,0.7842349179376363,18.5791000003519
