filename,mse,mae,psnr,ssim,lpips,inference_ms
001863.npy,0.002195976674556732,0.03779185190796852,26.5837231672605,0.6173717496495247,0.4856294095516205,142.2487999952864
001086.npy,0.0005667334189638495,0.014662211760878563,32.466211713943196,0.9075155374581814,0.08342798054218292,117.7258000097936
001599.npy,0.006600456312298775,0.07130556553602219,21.804260386396507,0.7806908881301359,0.28331655263900757,120.10640000517014
000008.npy,0.007804736029356718,0.06760183721780777,21.07641803276686,0.6855285517133921,0.2948271632194519,114.27409999305382
001552.npy,0.006419672165066004,0.0495746023952961,21.92487156709764,0.8048385138428509,0.221249058842659,115.23509999096859
000674.npy,0.0036273933947086334,0.04637128859758377,24.4040532335894,0.7997211229428984,0.05965113267302513,120.67939998814836
000240.npy,0.004961703903973103,0.042005691677331924,23.04369153444668,0.8359892472272515,0.25294971466064453,103.58039999846369
001642.npy,0.0012670151190832257,0.02631598711013794,28.972182285022406,0.7181594939241409,0.3443866968154907,117.63680000149179
000875.npy,0.0026696096174418926,0.03928403556346893,25.735522690584787,0.6823320390245915,0.35516446828842163,105.17240001354367
001971.npy,0.0035165217705070972,0.05072786286473274,24.538867120510343,0.5728253133246899,0.5603260397911072,109.76419999497011
001989.npy,0.002202678471803665,0.037252187728881836,26.57048884208119,0.9221001255059242,0.23156580328941345,119.13760000606999
001664.npy,0.006085130386054516,0.057669878005981445,22.157300793639784,0.6850422619565563,0.33566543459892273,111.07169999741018
000681.npy,0.001745852641761303,0.02890196070075035,27.5799239274056,0.906087639705658,0.07935455441474915,112.72370000369847
000968.npy,0.003930205944925547,0.041820552200078964,24.055846999524405,0.7490314711366594,0.2638283371925354,115.86979999265168
000382.npy,0.0032760794274508953,0.043708544224500656,24.846455684059514,0.45808719263504444,0.7808979749679565,97.7126999932807
000060.npy,0.004124621860682964,0.05000089854001999,23.846158919556686,0.6531071701743603,0.36716970801353455,131.82319999032188
002214.npy,0.0005576279945671558,0.016647260636091232,32.53655430805031,0.8419840649018288,0.2279258519411087,119.73659999785013
002671.npy,0.0053117843344807625,0.05950043722987175,22.747595613437838,0.7545357609000206,0.25343403220176697,143.00029999867547
000207.npy,0.006999407894909382,0.05808515101671219,21.549386979667794,0.7312084653411252,0.27744245529174805,162.6657000015257
000401.npy,0.0028238126542419195,0.04565257579088211,25.491641230368973,0.75334740841496,0.3441733717918396,113.95440000342205
002254.npy,0.004533601924777031,0.05619138106703758,23.435566073779725,0.5717430663651377,0.39411041140556335,115.78389999340288
001815.npy,0.004448876716196537,0.051526181399822235,23.51749594085442,0.8013374630459696,0.16199296712875366,113.38949999480974
000308.npy,0.00243714009411633,0.0353277251124382,26.131195050186264,0.9155684498904944,0.1374496966600418,115.66700000548735
001023.npy,0.0021980986930429935,0.03158315271139145,26.579527773255826,0.7557901558153033,0.28358569741249084,146.48600001237355
001894.npy,0.003692880505695939,0.04360054433345795,24.32634773402817,0.8016246351927845,0.16356945037841797,130.81030000466853
002943.npy,0.0040616667829453945,0.04860031604766846,23.912957314040302,0.6122532158486247,0.4794358015060425,102.32470001210459
000751.npy,0.0032078162766993046,0.042356956750154495,24.937904945281268,0.7116915810157508,0.37751203775405884,149.1109999915352
003184.npy,0.006141037680208683,0.05405285209417343,22.117582584849018,0.7916076174596399,0.22516047954559326,109.25890000362415
000574.npy,0.010458776727318764,0.10068843513727188,19.805190929757565,0.9433735369988084,0.15232446789741516,151.84740000404418
001837.npy,0.0028162719681859016,0.03523460030555725,25.503253975817902,0.7442114146855687,0.24399179220199585,127.41519999690354
003142.npy,0.0004926138208247721,0.015727028250694275,33.074934077761455,0.8575309406499863,0.31115227937698364,111.77499999757856
002931.npy,0.006748532876372337,0.06334958970546722,21.707906225311294,0.48052524817586134,0.5041667819023132,152.21650000603404
000784.npy,0.003130348864942789,0.03911061957478523,25.044072684440188,0.8230409743142426,0.17514733970165253,129.3217999918852
001018.npy,0.0015452568186447024,0.02861747518181801,28.109993237964453,0.8241014490239583,0.2155231535434723,131.70779999927618
000447.npy,0.002016836078837514,0.03509647399187088,26.95329380633714,0.8008881153350249,0.33390504121780396,117.06899999990128
001389.npy,0.0021283761598169804,0.037141747772693634,26.719516359679677,0.6994092389022708,0.5436220169067383,148.28480000142008
001649.npy,0.001208596397191286,0.02518208511173725,29.177187243667667,0.8189198952060938,0.19692789018154144,145.59050000389107
000248.npy,0.002934759948402643,0.03942101448774338,25.324274219483485,0.8273944185310155,0.19288979470729828,127.90849999873899
000403.npy,0.004625545348972082,0.06154407560825348,23.348370306054484,0.7984458331857296,0.34179386496543884,145.5848000041442
002646.npy,0.00311732804402709,0.05008484423160553,25.062175028090515,0.8841912775087356,0.2730335295200348,146.12839999608696
002676.npy,0.003478855360299349,0.05110453814268112,24.585636091232725,0.6683466335778684,0.46166810393333435,123.23720000858884
002758.npy,0.006360079161822796,0.06327278912067413,21.965374697974944,0.25723829694902894,0.7455748915672302,99.65489999740385
000221.npy,0.005531257949769497,0.05281475931406021,22.571760804325898,0.6854797397630596,0.30032429099082947,137.15750000847038
001912.npy,0.00823428388684988,0.06882861256599426,20.843741740093364,0.7709791177526638,0.295576274394989,141.908899997361
001683.npy,0.0018494416726753116,0.02993037737905979,27.32959327194196,0.9225246903548311,0.07749694585800171,135.7267999992473
001734.npy,0.0005943919532001019,0.017312288284301758,32.25927075472701,0.8290894867968559,0.2923014760017395,127.15839999145828
001451.npy,0.002973450580611825,0.04729347676038742,25.26739248286074,0.8547437928504944,0.30225253105163574,193.2366999972146
001765.npy,0.002873649587854743,0.043462544679641724,25.415661888315228,0.4583540737164021,0.6533766388893127,138.78349999140482
002699.npy,0.004251460079103708,0.051282837986946106,23.714619234473613,0.33428062712146017,0.7859272956848145,118.44160000327975
000397.npy,0.010458063334226608,0.08977555483579636,19.805487354343832,0.32247289244447647,0.7413935661315918,158.6535999958869
000386.npy,0.005927011836320162,0.060230329632759094,22.271642070726124,0.40265941990669074,0.6569187641143799,145.50020000024233
000779.npy,0.008155535906553268,0.06637853384017944,20.885474632126154,0.42497587090500166,0.488620400428772,133.46589999855496
001667.npy,0.005129190161824226,0.052037470042705536,22.89951227755816,0.594127123327177,0.41422784328460693,165.3173000086099
001937.npy,0.004123610444366932,0.05170564353466034,23.847223807288355,0.30779475803786516,0.8468196988105774,157.55230000650045
000995.npy,0.0016151749296113849,0.033400826156139374,27.917804220214894,0.6848819133048057,0.5088320374488831,133.99410000420175
001936.npy,0.005546544678509235,0.06674298644065857,22.559774755329286,0.7012282157958895,0.3767460584640503,125.51129999337718
002360.npy,0.010710536502301693,0.0713212713599205,19.701887863011837,0.7055910572257712,0.2913298010826111,129.32059999729972
002338.npy,0.0028859323356300592,0.04322689771652222,25.39713838427199,0.45037041796672345,0.661699652671814,129.17660000675824
000541.npy,0.0014016195200383663,0.028912512585520744,28.533698693837323,0.8345238242206573,0.41012853384017944,123.5201999952551
002978.npy,0.0014354025479406118,0.026123644784092903,28.43026272725122,0.745014352927208,0.2967008054256439,145.2115000138292
000877.npy,0.0006169922417029738,0.01938956417143345,32.097202932704825,0.8779848191065788,0.31171613931655884,145.97840000351425
001988.npy,0.007398754823952913,0.0816769152879715,21.308413710109043,0.9553321062817574,0.09352396428585052,118.16530000942294
002740.npy,0.004030025564134121,0.049051932990550995,23.946921761799032,0.7885995340613974,0.27297645807266235,138.0459000065457
001140.npy,0.0023279134184122086,0.033017877489328384,26.330331974809937,0.7810023808610835,0.2824414372444153,122.10269999923185
000974.npy,0.0008723363862372935,0.02015930600464344,30.593160217098468,0.859245068876028,0.14726203680038452,125.1023999939207
002105.npy,0.005575212650001049,0.0699390321969986,22.537385477198445,0.7814165256307125,0.5222378373146057,139.60949999454897
002954.npy,0.0025513877626508474,0.037913355976343155,25.932235356958543,0.8894554554545618,0.14252592623233795,272.2436000040034
001353.npy,0.0017218124121427536,0.033348239958286285,27.64014176954957,0.7098444572415352,0.4526001214981079,153.07559999928344
000128.npy,0.0023006689734756947,0.04007524251937866,26.381458931426405,0.7664710785731077,0.387289822101593,154.48620000097435
000276.npy,0.0008173079695552588,0.014864505268633366,30.876142478116357,0.9501526849367619,0.07588328421115875,160.3490999987116
000937.npy,0.0015867173206061125,0.03190648928284645,27.99500447778149,0.807650848746676,0.3657669723033905,153.53590001177508
000241.npy,0.009519633837044239,0.09339872747659683,20.213797455962496,0.9478077269889116,0.09616696834564209,151.13189999829046
002584.npy,0.002294133184477687,0.03027219884097576,26.39381368542314,0.8409806501419655,0.17888639867305756,161.28909999679308
002899.npy,0.005751290358603001,0.05717366188764572,22.40234712124665,0.657980595887512,0.2634254992008209,157.30530000291765
000290.npy,0.005293906666338444,0.05493621155619621,22.762237262722167,0.6590046256957631,0.38393089175224304,130.22920000366867
000029.npy,0.003895379602909088,0.0470319502055645,24.094501986254944,0.7624567972296141,0.20656363666057587,165.26609999709763
003168.npy,0.0027493827510625124,0.039795998483896255,25.607647509604476,0.737535953341484,0.36700472235679626,162.54259999550413
002410.npy,0.006669359281659126,0.05388500541448593,21.759158867461966,0.6767346220645867,0.3191346526145935,159.77179999754298
000942.npy,0.0017314210999757051,0.03322374448180199,27.615973027363406,0.9039897613117694,0.18016967177391052,186.52259999362286
002268.npy,0.0030402191914618015,0.038256920874118805,25.170951157933935,0.8476054506965969,0.16836248338222504,132.08250000025146
002409.npy,0.007212325464934111,0.05650091916322708,21.419246860671212,0.671334680949835,0.3040553331375122,164.4901999970898
000086.npy,0.013464595191180706,0.08648603409528732,18.70806701349975,0.7062863351393193,0.27721256017684937,153.08430000732187
001384.npy,0.0175231471657753,0.09398952126502991,17.563879106436822,0.6013169028624832,0.2773117423057556,136.37730000482406
000262.npy,0.0021632846910506487,0.029255706816911697,26.648863138816342,0.827181517537179,0.19639503955841064,140.16179999453016
000920.npy,0.0018551030661910772,0.025469888001680374,27.316319400594253,0.8394621156329513,0.22064311802387238,140.57409999077208
001015.npy,0.008957890793681145,0.08223709464073181,20.477942114682058,0.8545039934605062,0.2222154289484024,156.22500001336448
000495.npy,0.004787560552358627,0.05541563034057617,23.19885746262677,0.26290294136065245,0.8983917236328125,144.84589999483433
001849.npy,0.002906989771872759,0.04548623040318489,25.365565115383628,0.6847602425610423,0.43586599826812744,145.97240000148304
002119.npy,0.010620517656207085,0.07850552350282669,19.738543095088236,0.5606779894978322,0.40060728788375854,146.9412000005832
001794.npy,0.007883901707828045,0.07137431204319,21.032587763269028,0.6034749041486382,0.318941205739975,160.63260000373702
001529.npy,0.0012203985825181007,0.02707093022763729,29.134982785621023,0.6704071129189134,0.4401417076587677,155.8423000096809
003172.npy,0.005510049872100353,0.0652758777141571,22.588444950839556,0.7488893526297686,0.46357452869415283,147.92129999841563
002751.npy,0.002771316794678569,0.03878140449523926,25.573138365351564,0.6651842880113125,0.34183257818222046,150.30350000597537
001634.npy,0.0022150366567075253,0.038141243159770966,26.54619094374569,0.6283018438589573,0.5035008192062378,159.3492999963928
001276.npy,0.0043163965456187725,0.046460673213005066,23.64878666140187,0.7901601805119636,0.21358755230903625,154.33049999410287
002920.npy,0.010920160450041294,0.07488684356212616,19.617710108482314,0.6870397638051641,0.2962169051170349,156.91600000718608
000823.npy,0.00024878777912817895,0.010620130226016045,36.04170939752932,0.8806506194939613,0.15236346423625946,151.40580000297632
002825.npy,0.006432777736335993,0.06242327764630318,21.916014335643965,0.5261426881315174,0.4587026536464691,140.45350000378676
002208.npy,0.008322560228407383,0.07453908026218414,20.79743067071273,0.4674391132364019,0.49593275785446167,160.10110000206623
000867.npy,0.006094175856560469,0.06306430697441101,22.15085004831179,0.2775715941633931,0.8496081829071045,161.678699994809
001733.npy,0.0009267848217859864,0.02038552612066269,30.330211087943443,0.818231835432589,0.29729604721069336,148.41740000701975
002484.npy,0.0006838974077254534,0.018725236877799034,31.65009039103819,0.931009609427452,0.0921291783452034,137.10910000372678
002161.npy,0.0058519416488707066,0.05911970138549805,22.32700028314276,0.6382014427858018,0.34025338292121887,140.4142000101274
001085.npy,0.0007675073575228453,0.01811002567410469,31.149174422043757,0.9126445814256947,0.10876923054456711,160.27069999836385
000676.npy,0.006666993722319603,0.04753376170992851,21.76069967365119,0.831494558467552,0.1432226449251175,142.15359999798238
002251.npy,0.0021527281496673822,0.034969039261341095,26.670108254658555,0.8457873487643115,0.16287174820899963,139.05589999922086
001946.npy,0.003300711279734969,0.0430046021938324,24.813924880979414,0.7920919041107837,0.22466525435447693,147.438100000727
002702.npy,0.0006924716290086508,0.020758312195539474,31.5959800323685,0.8418830195684432,0.27756595611572266,150.0497999950312
000525.npy,0.0018207241082563996,0.034246817231178284,27.39755874112822,0.6518021570776701,0.41587966680526733,162.87169999850448
000515.npy,0.01970311999320984,0.10689608752727509,17.054649990478985,0.5669084865399409,0.29382407665252686,147.29399999487214
002181.npy,0.0033711176365613937,0.048327766358852386,24.722261016697317,0.8404123260275126,0.16285516321659088,146.44070000213105
000283.npy,0.004161294549703598,0.04244077950716019,23.80771540964043,0.8441079550506752,0.23598870635032654,158.30259998620022
001990.npy,0.002641275292262435,0.04193654656410217,25.781863302615843,0.8944501709434837,0.3153742551803589,135.84960000298452
000350.npy,0.0022278116084635258,0.036229610443115234,26.52121513487634,0.7227175755959153,0.18743360042572021,125.1542999962112
003139.npy,0.003995674196630716,0.04273272305727005,23.98409900494929,0.7392691150586335,0.2927613854408264,162.30710000672843
003083.npy,0.002474831650033593,0.03810349479317665,26.064543325528827,0.7512589211675897,0.27478834986686707,149.09970000735484
000986.npy,0.011248622089624405,0.09421835094690323,19.489007079857508,0.8042400540444609,0.312759667634964,155.65899999637622
000237.npy,0.0028083513025194407,0.04023811221122742,25.515485760997983,0.784602847339645,0.2413942515850067,164.70799999660812
000980.npy,0.005381337366998196,0.04970070347189903,22.691097821769475,0.6342902428281159,0.26196932792663574,144.03830000082962
001259.npy,0.0016503690276294947,0.03762237727642059,27.824189401166763,0.9506764133422375,0.18500085175037384,143.40810000430793
001486.npy,0.0025984414387494326,0.03908693045377731,25.852870353711698,0.8971291353629529,0.22154206037521362,165.2721999998903
000458.npy,0.00407895352691412,0.04235202819108963,23.89451249775764,0.6546742563017025,0.3372582793235779,151.93759999237955
000079.npy,0.0006505597848445177,0.01942591741681099,31.867127617556832,0.8086580177234411,0.3291899263858795,148.55670000542887
002001.npy,0.0025763637386262417,0.04015272855758667,25.88992820546259,0.48814928324723245,0.6425215005874634,140.09939999959897
001327.npy,0.0039944821037352085,0.039779238402843475,23.985394984300594,0.7868204424599138,0.2271755337715149,158.96500000962988
002453.npy,0.0030434883665293455,0.042984865605831146,25.166283496781332,0.8352564739564904,0.12836726009845734,156.7726999928709
000002.npy,0.0011149244382977486,0.02504056505858898,29.527545929770383,0.866030743854642,0.16937647759914398,164.1319000045769
002172.npy,0.0033763605169951916,0.03931209817528725,24.715511626785794,0.767704331953466,0.3074924349784851,130.71909999416675
002209.npy,0.004265254363417625,0.0502026341855526,23.700550824343512,0.6510064869325096,0.25871995091438293,131.46389999019448
000661.npy,0.002915698569267988,0.04591255635023117,25.35257362484611,0.7274375780701637,0.3998887538909912,138.96130000648554
001531.npy,0.001340874470770359,0.028468294069170952,28.72611861154931,0.6556822735811472,0.47488969564437866,141.25860000785906
003053.npy,0.0016579629154875875,0.0313689149916172,27.804252019301675,0.7631583346947431,0.29683712124824524,161.33850000915118
003174.npy,0.002148399595171213,0.035442717373371124,26.678849144618148,0.866994036195735,0.2779354751110077,174.6895999967819
002494.npy,0.008037807419896126,0.07024279236793518,20.948624350174224,0.590369893983733,0.3322623670101166,134.18670000100974
003019.npy,0.00264595914632082,0.04152798652648926,25.774168954028504,0.4406400487732887,0.7753232717514038,142.25309999892488
002617.npy,0.002607902279123664,0.030089471489191055,25.83708686577615,0.7922361686566826,0.2159755676984787,146.29520000016782
001222.npy,0.0016989391297101974,0.029147543013095856,27.698221983499337,0.8383581518332959,0.2417832762002945,152.97029999783263
002561.npy,0.003132173093035817,0.03982822597026825,25.04154253268194,0.7629890430934653,0.2745281159877777,143.03449999715667
000435.npy,0.001003000303171575,0.022707007825374603,29.98698969953906,0.7660054120705128,0.30730539560317993,144.53609999327455
002079.npy,0.0030855899676680565,0.04050380736589432,25.106617810891446,0.861176547495544,0.09966467320919037,158.158900012495
000731.npy,0.0023633227683603764,0.03880796954035759,26.26476967786058,0.7672226458162404,0.22828543186187744,162.09369999705814
002050.npy,0.0005233902484178543,0.016116544604301453,32.81174411647169,0.8930285787363053,0.16929180920124054,167.15610001119785
001078.npy,0.002614252967759967,0.038960546255111694,25.826523868844017,0.643667401842475,0.36584582924842834,148.62480000010692
002947.npy,0.004464620258659124,0.051154665648937225,23.502154933287514,0.6928583350982033,0.3067947030067444,163.06449999683537
002957.npy,0.0029146289452910423,0.03978215157985687,25.35416734776438,0.7020435447798716,0.35993412137031555,138.75959999859333
000013.npy,0.009400572627782822,0.08672585338354111,20.268456690585435,0.8870064212580026,0.19492417573928833,153.9552000031108
001858.npy,0.0033659161999821663,0.04989684373140335,24.72896680515628,0.9071605256109238,0.24871452152729034,142.55670001148246
000647.npy,0.004691258072853088,0.054295994341373444,23.28710659342721,0.6078664812050001,0.31782132387161255,141.96280000032857
001780.npy,0.01065441407263279,0.09937666356563568,19.724704025505623,0.7723687301297187,0.4003267288208008,161.31500000483356
001202.npy,0.002520727925002575,0.036815762519836426,25.984740166263876,0.6667210946373269,0.32412609457969666,167.82250000687782
003198.npy,0.0027997088618576527,0.029590778052806854,25.528871203210745,0.8267701600985918,0.1468999981880188,139.39430000027642
003159.npy,0.0026291338726878166,0.04137292504310608,25.801873008314914,0.43290787674856185,0.6908279061317444,145.01069999823812
002625.npy,0.00469227647408843,0.05552692711353302,23.2861639542749,0.4323647889857963,0.6658639311790466,147.61659999203403
001092.npy,0.004163668490946293,0.04605991393327713,23.805238700251977,0.8088074846571088,0.1634891778230667,155.53539998654742
002199.npy,0.0005039109964855015,0.01527221780270338,32.97646160983562,0.8873965773110389,0.11937866359949112,142.44419999886304
002792.npy,0.004709293134510517,0.062173835933208466,23.27044298088837,0.8273368829418235,0.2227160930633545,139.72639999701641
000469.npy,0.005077276844531298,0.04819159954786301,22.943691460370296,0.6243809762262865,0.3717826306819916,146.27749999635853
002952.npy,0.0031848375219851732,0.03818228840827942,24.969127168768445,0.8071099218838736,0.26158320903778076,152.50430000014603
002786.npy,0.0028996344190090895,0.04233001172542572,25.376567590169167,0.7765733523943126,0.2227948009967804,160.96180000749882
000047.npy,0.00546984001994133,0.05737156793475151,22.620253769797557,0.6853863746394468,0.37123051285743713,139.92469999357127
002266.npy,0.0022969869896769524,0.025003548711538315,26.388414441450912,0.884116904762506,0.1452031135559082,144.82539999880828
001029.npy,0.002796389628201723,0.04677971452474594,25.534023389134948,0.8515120878257751,0.27291953563690186,127.10840000363532
002167.npy,0.00250394269824028,0.04353465139865875,26.013756215186792,0.8289813152318001,0.27389341592788696,140.73780000035185
001917.npy,0.0029660912696272135,0.03823290020227432,25.278154984209262,0.7358662899839878,0.2872158885002136,145.3924000088591
002440.npy,0.002422273624688387,0.039444129914045334,26.157767898614082,0.8158819572957363,0.2158815711736679,134.84719999541994
001563.npy,0.004674317315220833,0.05334863066673279,23.30281778748195,0.8561775309340954,0.13483059406280518,134.86639999609906
001576.npy,0.0030526660848408937,0.04035835340619087,25.15320703224961,0.770960648461386,0.2249148041009903,130.71950001176447
000260.npy,0.003007450606673956,0.03768647834658623,25.21801487870476,0.7368984727724195,0.21042363345623016,142.27729999402072
002442.npy,0.0015428033657371998,0.02980196662247181,28.116894030253867,0.8669756959629059,0.13247032463550568,175.1250999950571
001729.npy,0.012422890402376652,0.08680406212806702,19.05777342895624,0.5952721088473852,0.36280083656311035,166.86499999195803
002787.npy,0.002669448498636484,0.04044070094823837,25.735784804439913,0.769195582619302,0.21396178007125854,142.83149999391753
000655.npy,0.002155284397304058,0.0291561521589756,26.66495420337556,0.7711664007487297,0.2465883493423462,138.97889999498148
002570.npy,0.002940503414720297,0.043256357312202454,25.315782976546632,0.48800018053483174,0.6644362211227417,143.04640000045765
000626.npy,0.07546213269233704,0.22718873620033264,11.222709551957808,0.2524661794260169,0.6405872106552124,144.59310000529513
000449.npy,0.0010097119957208633,0.02349281683564186,29.958024794527006,0.8594044666926861,0.3209775686264038,152.12179999798536
000192.npy,0.0032941452227532864,0.048153337091207504,24.82257287699518,0.9123721104310896,0.1926044374704361,154.27850000560284
000372.npy,0.0021092239767313004,0.03706143796443939,26.758772860967426,0.649016090270996,0.4986867606639862,156.85020000091754
002021.npy,0.0038824041839689016,0.05054580047726631,24.108992476445977,0.6738754297923455,0.3117838203907013,159.7160000092117
002087.npy,0.003043166594579816,0.04301777482032776,25.166742626225865,0.5939963540471196,0.3821730613708496,180.2324000018416
000566.npy,0.007041815668344498,0.06577529013156891,21.523153294163624,0.5043065568856359,0.420123815536499,136.43769999907818
000898.npy,0.0034148264676332474,0.05264231562614441,24.666313840225516,0.9057299846174717,0.1524215042591095,155.112199994619
001482.npy,0.004777770023792982,0.0602157898247242,23.207747448887474,0.7878165665884018,0.2613333761692047,161.8638999934774
001635.npy,0.00525695038959384,0.06887348741292953,22.792661147822585,0.9170325997879505,0.21235349774360657,157.6758000010159
002390.npy,0.0070533426478505135,0.0723300501704216,21.516050085402686,0.5651048988044068,0.42902788519859314,162.0641999907093
001754.npy,0.005266919732093811,0.047729961574077606,22.784433090579217,0.8206035737976404,0.13655617833137512,160.74160000425763
002394.npy,0.009432644583284855,0.07257218658924103,20.253665437782225,0.7085243829510375,0.30809953808784485,130.05979999434203
003059.npy,0.002033335156738758,0.03727710247039795,26.917910251751067,0.8460691023573372,0.2948322892189026,157.71939999831375
001076.npy,0.005429377779364586,0.05772744491696358,22.652499223931724,0.6235836434199317,0.3873888850212097,147.43929999531247
002207.npy,0.01267135702073574,0.0946202427148819,18.971768390372144,0.8480222731423229,0.17442722618579865,164.11969999899156
002299.npy,0.0018890571082010865,0.03242163360118866,27.23754909632076,0.7501628332218975,0.2341836541891098,158.24000000429805
003051.npy,0.007763892877846956,0.08586103469133377,21.09920449641315,0.9307691875190734,0.21391741931438446,152.21619998919778
001010.npy,0.007509775459766388,0.07200659811496735,21.243730558529272,0.8633886709125638,0.20688772201538086,150.76990000670776
003192.npy,0.0011724169598892331,0.02223522774875164,29.309179207410555,0.9160842854529619,0.10806071013212204,149.87870000186376
001084.npy,0.0006900877342559397,0.015742748975753784,31.610956976355673,0.9416696277432441,0.05775394290685654,145.05490000010468
000585.npy,0.0031098411418497562,0.04420385882258415,25.07261805156689,0.4001657920111045,0.6977590322494507,139.15360000100918
001879.npy,0.0014854419277980924,0.02738933265209198,28.281443458173413,0.8484369096755981,0.36996641755104065,150.80970000417437
002633.npy,0.004881054162979126,0.053559258580207825,23.114863986075697,0.3258632527114004,0.8421698212623596,150.7393000065349
001620.npy,0.0013333660317584872,0.024156538769602776,28.75050611483045,0.8785679570341111,0.14843228459358215,158.04680000292137
002044.npy,0.005527378059923649,0.06101394072175026,22.574808358681548,0.7959827606032714,0.2874584197998047,156.87329998763744
002684.npy,0.0036516140680760145,0.04188815876841545,24.375151315611525,0.7215170915310141,0.21781302988529205,142.46620000631083
000870.npy,0.004557754844427109,0.053866103291511536,23.412490538199876,0.29112762588998675,0.8318924903869629,142.11919999797828
001288.npy,0.0011268883245065808,0.019343988969922066,29.481190817838986,0.9119684594657421,0.13141858577728271,141.53160000569187
002940.npy,0.008899832144379616,0.06939215958118439,20.50618179896157,0.7179222234852016,0.3160606026649475,139.07729998754803
002323.npy,0.004228608682751656,0.04536782577633858,23.738025263682466,0.8086113227899298,0.18867838382720947,146.98869999847375
000864.npy,0.01257682777941227,0.08273117244243622,19.004288986380743,0.68787437092212,0.3276326060295105,160.79890000401065
000271.npy,0.002117608906701207,0.023878399282693863,26.741542107286627,0.8129594164847136,0.28618600964546204,137.0874999993248
001096.npy,0.0029452387243509293,0.03745025023818016,25.308795136431854,0.7622606844931692,0.27292442321777344,153.17599999252707
001643.npy,0.0005813544266857207,0.017581842839717865,32.35559009389049,0.8180334074263572,0.2834618389606476,161.11490000912454
001292.npy,0.00257889274507761,0.03739586099982262,25.885667623995623,0.7798766623156965,0.22689762711524963,154.6212000102969
000131.npy,0.004487280733883381,0.05126912146806717,23.480167561280453,0.7968564977200479,0.23181159794330597,131.4163000060944
000938.npy,0.001870273146778345,0.03619532287120819,27.280949820811713,0.7931269951573611,0.39117851853370667,132.9729999997653
000229.npy,0.00944532360881567,0.07406744360923767,20.247831675832995,0.7297184407599271,0.27541062235832214,158.73759999522008
001328.npy,0.0018552332185208797,0.034400708973407745,27.316014363886847,0.8661813272847533,0.2261698842048645,156.93779999855906
002804.npy,0.0024097845889627934,0.03600979968905449,26.18021773617301,0.7295372400276959,0.28032347559928894,148.02349999081343
000899.npy,0.003254758659750223,0.05171957612037659,24.874812185562067,0.9154902119896412,0.1499476134777069,135.5368000076851
002281.npy,0.004075769800692797,0.0461617074906826,23.897903443764534,0.8199274850109703,0.17225252091884613,160.1453000039328
002818.npy,0.0025791858788579702,0.03863895684480667,25.885173876616033,0.6225681974686385,0.40502095222473145,181.01169999863487
002621.npy,0.001580235082656145,0.03051837906241417,28.012782712542034,0.7972699670256376,0.27391183376312256,171.3735999946948
001105.npy,0.0017996724927797914,0.025051936507225037,27.448065326686088,0.7625746942960322,0.3322499096393585,159.3155000009574
001554.npy,0.004470908083021641,0.05202370136976242,23.496042885054944,0.7147357229247429,0.3203120231628418,169.20580000441987
001893.npy,0.004328249022364616,0.04832105711102486,23.636877821880834,0.7818124871264882,0.17170608043670654,169.18120000627823
000669.npy,0.003497893223538995,0.04729844629764557,24.561934739213534,0.6680444905084073,0.367043137550354,140.00030000170227
001002.npy,0.0035862047225236893,0.05047351121902466,24.453649106426326,0.5040538238077462,0.7183830142021179,154.7532999975374
002986.npy,0.003701470559462905,0.04793352633714676,24.316257177666444,0.4361454090399649,0.5468571782112122,144.15639999788254
002187.npy,0.004109497647732496,0.048829298466444016,23.8621128322211,0.8885922341384888,0.18199655413627625,160.10090000054333
000700.npy,0.0021121008321642876,0.03185759112238884,26.752853537743366,0.8683396968345642,0.177511528134346,165.50280000956263
002600.npy,0.002573151607066393,0.039485491812229156,25.89534653894801,0.8002807118644938,0.25090956687927246,145.68280000821687
002495.npy,0.007916503585875034,0.07012589275836945,21.014666093160784,0.5944843296227231,0.3410184383392334,162.70929999882355
000292.npy,0.0007043813820928335,0.014641616493463516,31.521921114096465,0.9322048817605972,0.0962115004658699,161.81760000472423
002654.npy,0.0051827747374773026,0.05359417200088501,22.854376716119166,0.6728488602810764,0.34831953048706055,141.6480999905616
002799.npy,0.002853797283023596,0.04404835402965546,25.445768629142226,0.5074542385160923,0.5991529226303101,135.3528999898117
002874.npy,0.006424923427402973,0.0752549022436142,21.92132052314872,0.8505711650459766,0.37045615911483765,161.8500999902608
001093.npy,0.0004424896906130016,0.014533031731843948,33.54096815849331,0.9297585832056999,0.12062881141901016,163.98389999812935
002745.npy,0.0012755284551531076,0.027238164097070694,28.94309846220253,0.7856378597316742,0.3958154022693634,169.87949999747798
000858.npy,0.002654784359037876,0.043428678065538406,25.75970739194803,0.7309828358229995,0.3577490746974945,156.33450000314042
001455.npy,0.0019994457252323627,0.03464584797620773,26.99090399012999,0.8737992632907629,0.18564315140247345,162.59419999551028
001516.npy,0.005337325390428305,0.05156484991312027,22.72676302363127,0.7838880256716795,0.2587662935256958,139.40289999300148
000666.npy,0.0003685048141051084,0.004323858302086592,34.335568683614184,0.980107662237525,0.06419752538204193,148.71240001230035
001494.npy,0.0020413827151060104,0.03185644745826721,26.90075589648007,0.879130958013773,0.22022020816802979,135.92050000443123
002603.npy,0.0016791514353826642,0.027545331045985222,27.74910161735898,0.6887484122653259,0.37145209312438965,121.94650000310503
001857.npy,0.0014850308652967215,0.032303743064403534,28.282645440403616,0.9277449787678719,0.11014079302549362,152.63519999280106
003158.npy,0.0030327308923006058,0.04431308060884476,25.181660964840134,0.425138936101876,0.6815864443778992,125.43149999692105
003151.npy,0.0018449844792485237,0.029553156346082687,27.340073011655885,0.8550107349466717,0.14738456904888153,143.96899999701418
000413.npy,0.009527947753667831,0.07906965911388397,20.210006379299045,0.5276891163023095,0.421686053276062,136.7478000029223
000953.npy,0.0016532107256352901,0.03359974920749664,27.816717622859063,0.7012957100371122,0.4804520010948181,167.1749999950407
000326.npy,0.0008144616149365902,0.016416752710938454,30.891293799604473,0.9024326209630669,0.12954428791999817,152.08529999654274
001185.npy,0.002544761635363102,0.03909129649400711,25.943528964866275,0.807046846946463,0.2067820131778717,161.9704000040656
000933.npy,0.0010316617554053664,0.020093873143196106,29.86462660212664,0.7623720956951976,0.30364301800727844,159.08939999644645
002708.npy,0.006469978950917721,0.06949616968631744,21.890971289069064,0.5672002111690438,0.37896406650543213,140.13749999867287
000187.npy,0.001018629176542163,0.0222568828612566,29.919838887103907,0.8846295627827346,0.1431771069765091,165.58220000297297
000284.npy,0.005915029905736446,0.056009069085121155,22.280430762519305,0.6825445632422399,0.3559490442276001,155.75499999977183
002885.npy,0.0030920873396098614,0.041710324585437775,25.097482567755293,0.7426126455008222,0.23020589351654053,157.39059999759775
000787.npy,0.0005411499878391623,0.013957139104604721,32.66682342291535,0.901809033195734,0.11513891816139221,161.73549999075476
002364.npy,0.0025716638192534447,0.03294534981250763,25.897858419383613,0.7529810678606015,0.21338023245334625,165.52999999839813
001481.npy,0.006709699053317308,0.07220211625099182,21.73296968713197,0.7738309183240212,0.23273751139640808,207.22270000260323
002533.npy,0.01436629332602024,0.09480725228786469,18.426552501744432,0.4836863703107666,0.5574653744697571,137.31799999368377
002574.npy,0.0022911601699888706,0.04203008487820625,26.399445313157372,0.8950022826552391,0.16498924791812897,145.6204000132857
001200.npy,0.0044478727504611015,0.05108034983277321,23.51847678219569,0.7773807963049114,0.32963013648986816,137.89890000771265
002261.npy,0.0035039521753787994,0.04820573329925537,24.554418163520406,0.83877129312253,0.21388284862041473,165.77829999732785
000322.npy,0.002652709139510989,0.03527596592903137,25.76310363935808,0.8167093619498164,0.1999601572751999,165.70169999613427
001550.npy,0.001611247193068266,0.02864649146795273,27.928378247224536,0.8532173231937987,0.22243183851242065,139.77589999558404
000511.npy,0.0035454505123198032,0.04216334968805313,24.503285855106256,0.664644964675732,0.2959418296813965,147.48189999954775
002196.npy,0.00564595777541399,0.05486542731523514,22.48262379423381,0.8303356221439689,0.12746748328208923,160.13249999377877
001881.npy,0.0041440390050411224,0.05217497795820236,23.825761851666094,0.7636266232746914,0.22603079676628113,155.92420000757556
002988.npy,0.0038176763337105513,0.04992392659187317,24.182009062806546,0.5907636406878242,0.4763556122779846,152.19509998860303
000177.npy,0.0036726712714880705,0.048720329999923706,24.350179507930427,0.3608914115927741,0.7366859912872314,149.93899999535643
001083.npy,0.002709057182073593,0.04151436686515808,25.671818470078968,0.8854628076553345,0.3005424439907074,154.19489999476355
002472.npy,0.005880635231733322,0.048348356038331985,22.30575781142912,0.8061685537936687,0.17713229358196259,144.49619999504648
001408.npy,0.0006178465555422008,0.011707168072462082,32.09119406808301,0.9350139174975902,0.12040065228939056,157.34079999674577
001470.npy,0.0040222108364105225,0.03808068111538887,23.955351986298396,0.8169365231646365,0.21612149477005005,159.31760000239592
000396.npy,0.0034891017712652683,0.04409065097570419,24.572863985687533,0.7298077968772352,0.32332444190979004,146.4064000028884
001556.npy,0.007052783854305744,0.07477474212646484,21.516394079232313,0.8562570422831253,0.3175589442253113,141.29010000033304
000379.npy,0.011595457792282104,0.09213123470544815,19.35712066737885,0.7217321638328005,0.298850417137146,156.18529998755548
000418.npy,0.001955437706783414,0.0343390554189682,27.087560010976112,0.4826920389207229,0.7026315331459045,156.685900001321
001378.npy,0.003204677253961563,0.0452067032456398,24.942157300773395,0.6651966781171681,0.3428616523742676,141.2385000003269
003127.npy,0.001219453988596797,0.02701333910226822,29.13834554611718,0.8979614369807243,0.2976642847061157,152.0345000026282
000881.npy,0.0012433520751073956,0.02710818126797676,29.054058560506405,0.8637355727006197,0.19178520143032074,160.1721000042744
000636.npy,0.0017281249165534973,0.025282518938183784,27.624248747342705,0.7946614083344936,0.19818618893623352,155.65720001177397
001138.npy,0.003020020667463541,0.04426221549510956,25.199900735795833,0.8212662298921347,0.1888856440782547,140.9643000079086
001393.npy,0.0029302965849637985,0.04397726058959961,25.330884556371828,0.7010300313901902,0.40355831384658813,135.06800000322983
001731.npy,0.013248952105641365,0.08903613686561584,18.778184629091676,0.5964984135754369,0.326012521982193,135.1734000054421
002859.npy,0.0013009512331336737,0.0293346606194973,28.85738999536271,0.8809545326690674,0.2567905783653259,168.07510000944603
000653.npy,0.002125064143911004,0.02871733531355858,26.726279468926645,0.7785092069981098,0.25705090165138245,139.3709999974817
003108.npy,0.0036732424050569534,0.04896896332502365,24.349504138282544,0.7686942836003527,0.2715601325035095,129.85529999423306
000026.npy,0.005240909289568663,0.047354139387607574,22.80593346090013,0.70262094802019,0.3154544234275818,133.04120000975672
001139.npy,0.0030616573058068752,0.04412055015563965,25.14043425283838,0.8112585978428125,0.19857507944107056,163.10459999658633
002413.npy,0.004220868926495314,0.05710875615477562,23.745981109685815,0.9357496699376107,0.15739428997039795,140.4774999973597
001839.npy,0.0033448589965701103,0.03804393857717514,24.756221665593475,0.7800216981822764,0.23628106713294983,138.80449999123812
000902.npy,0.002058638259768486,0.026635468006134033,26.864199633822597,0.7850000588841252,0.20803317427635193,155.456000007689
001718.npy,0.002042020671069622,0.03770516812801361,26.89939899677515,0.7389786550721005,0.273713082075119,146.18440000049304
002232.npy,0.004096372053027153,0.0556524395942688,23.876006163363638,0.7850370046108104,0.20481206476688385,165.12900000088848
002872.npy,0.0015596108278259635,0.029277220368385315,28.069837775126643,0.8289549317265674,0.2679477632045746,163.4331000095699
002661.npy,0.0011848316062241793,0.028077714145183563,29.263433933845974,0.8950300179280043,0.17866122722625732,149.25390000280458
002932.npy,0.0019290673080831766,0.032992128282785416,27.1465260879203,0.829603289369978,0.17065474390983582,137.3242000117898
000814.npy,0.004679893143475056,0.04561068117618561,23.29764061003288,0.7124099945963454,0.28986096382141113,151.68789999734145
002298.npy,0.001436701975762844,0.02820057049393654,28.426333005664116,0.801358969380796,0.17971381545066833,163.97950000828132
000108.npy,0.01351784449070692,0.07867377996444702,18.690925427374857,0.6388399391173809,0.31386035680770874,186.9692999898689
002465.npy,0.0027497694827616215,0.04007263481616974,25.607037235608054,0.7724912120278775,0.2444029450416565,130.535600008443
002069.npy,0.0003655361942946911,0.013386180624365807,34.37069631253355,0.9222274339084625,0.08785279095172882,155.2332999999635
000952.npy,0.004306411370635033,0.05360217019915581,23.65884440207295,0.46879766579614973,0.5287888050079346,150.43579999473877
000895.npy,0.003149901982396841,0.045307595282793045,25.017029428765344,0.7813674059634544,0.2846534550189972,142.68190000439063
000383.npy,0.003688533790409565,0.04727597534656525,24.331462212176675,0.44367712117819486,0.811131477355957,138.01640000019688
000122.npy,0.0013338481076061726,0.02324271760880947,28.748936290601385,0.889864283136053,0.09001981467008591,136.2272000114899
000130.npy,0.0045836688950657845,0.051787182688713074,23.38786783534088,0.7951977549216748,0.22578343749046326,143.6173999973107
001728.npy,0.003367218654602766,0.030705301091074944,24.727286554851204,0.8717205502632558,0.16541488468647003,127.63970000378322
002418.npy,0.002138676820322871,0.0355226993560791,26.698548307056825,0.7797735127885789,0.21300294995307922,139.26289998926222
000356.npy,0.004117058590054512,0.0468493215739727,23.854129588698306,0.7072309040741697,0.2843605875968933,141.6758999985177
002233.npy,0.006386113353073597,0.06998490542173386,21.947633836565426,0.734046449877196,0.3205735683441162,143.71259999461472
003033.npy,0.005547359585762024,0.059764422476291656,22.559136579567188,0.5576729721552041,0.4863039255142212,140.03179999417625
002771.npy,0.004259237088263035,0.05132530629634857,23.706681603834667,0.4254062361815907,0.44747841358184814,138.8513999991119
000419.npy,0.002050747163593769,0.03526678681373596,26.880878951924675,0.4802672465986013,0.6835886240005493,139.14649999060202
003016.npy,0.007206902839243412,0.06852391362190247,21.42251314645469,0.7533039441896621,0.25088125467300415,134.85499999660533
000571.npy,0.0037337313406169415,0.04541938751935959,24.278569077136805,0.7330461927850545,0.2509012520313263,145.46909999626223
000914.npy,0.004839794710278511,0.05125197023153305,23.15173076479713,0.7554168592000959,0.2659641206264496,139.52150000841357
001003.npy,0.0039384556002914906,0.053192138671875,24.046740731155893,0.5376879381273091,0.5499163269996643,140.0976000004448
001126.npy,0.002358610276132822,0.035664357244968414,26.27343820108195,0.8283241909942926,0.17162777483463287,147.90009999705944
003037.npy,0.001228522160090506,0.02251356653869152,29.10617005720322,0.9170081548790932,0.07602446526288986,144.12010001251474
000102.npy,0.001964668044820428,0.036223575472831726,27.067108464793268,0.7965197067975998,0.3681851327419281,143.467599991709
000456.npy,0.00470418855547905,0.05419963598251343,23.27515250743398,0.5805266621872943,0.4611767828464508,149.92009999696165
002619.npy,0.002619230654090643,0.029517633840441704,25.818262281920582,0.8079906667957232,0.22631926834583282,141.36999999755062
